purchase_id,user_id,purchase_date,category,amount,country,month
1,373,2025-01-09,Electronics,714.21,IN,2025-01-01
2,23,2025-09-07,Furniture,309.54,DE,2025-09-01
3,115,2025-10-20,Clothing,95.71,DE,2025-10-01
4,418,2025-01-10,Home & Kitchen,67.63,AU,2025-01-01
5,88,2025-03-23,Home & Kitchen,306.46,AU,2025-03-01
6,132,2025-12-21,Beauty,69.39,IN,2025-12-01
7,438,2025-03-25,Furniture,381.23,AU,2025-03-01
8,413,2025-07-22,Electronics,140.96,AU,2025-07-01
9,186,2025-08-20,Garden,125.62,CA,2025-08-01
10,471,2025-01-27,Beauty,143.84,US,2025-01-01
11,251,2025-08-15,Toys,77.84,US,2025-08-01
12,203,2025-12-03,Beauty,86.3,CA,2025-12-01
13,246,2025-10-17,Sports,101.7,AU,2025-10-01
14,481,2025-03-28,Garden,153.11,US,2025-03-01
15,246,2025-02-04,Garden,66.58,AU,2025-02-01
16,440,2025-11-03,Beauty,136.71,US,2025-11-01
17,435,2025-06-06,Groceries,132.82,US,2025-06-01
18,178,2025-04-02,Groceries,58,AU,2025-04-01
19,251,2025-11-07,Toys,109.42,US,2025-11-01
20,48,2025-06-19,Furniture,228.4,CA,2025-06-01
21,131,2025-06-29,Furniture,639.57,AU,2025-06-01
22,33,2025-07-03,Groceries,149.31,CA,2025-07-01
23,478,2025-11-29,Beauty,139.67,IN,2025-11-01
24,162,2025-04-23,Electronics,354.19,DE,2025-04-01
25,322,2025-03-23,Sports,181.51,IN,2025-03-01
26,64,2025-06-03,Home & Kitchen,91.21,AU,2025-06-01
27,168,2025-04-08,Clothing,29.45,DE,2025-04-01
28,442,2025-04-09,Furniture,678.86,CA,2025-04-01
29,276,2025-06-15,Books,85.03,UK,2025-06-01
30,78,2025-09-19,Electronics,499.93,US,2025-09-01
31,153,2025-12-13,Sports,53.7,CA,2025-12-01
32,493,2025-04-24,Toys,125.06,UK,2025-04-01
33,199,2025-04-11,Books,76.56,DE,2025-04-01
34,424,2025-01-14,Electronics,560.47,IN,2025-01-01
35,445,2025-10-01,Clothing,56.07,DE,2025-10-01
36,483,2025-07-15,Garden,267.3,IN,2025-07-01
37,95,2025-04-05,Furniture,235.17,UK,2025-04-01
38,406,2025-09-30,Garden,108.01,CA,2025-09-01
39,464,2025-07-11,Electronics,416.05,AU,2025-07-01
40,379,2025-05-24,Clothing,183.98,DE,2025-05-01
41,342,2025-10-27,Home & Kitchen,202.03,CA,2025-10-01
42,221,2025-03-24,Beauty,85.01,US,2025-03-01
43,184,2025-09-13,Books,96.32,UK,2025-09-01
44,161,2025-06-20,Furniture,299.26,IN,2025-06-01
45,108,2025-04-23,Home & Kitchen,318.38,AU,2025-04-01
46,448,2025-10-26,Toys,47.34,IN,2025-10-01
47,242,2025-05-03,Garden,283.86,US,2025-05-01
48,181,2025-09-03,Books,46.85,US,2025-09-01
49,415,2025-04-05,Home & Kitchen,321.14,DE,2025-04-01
50,302,2025-10-18,Sports,78.97,US,2025-10-01
51,456,2025-04-16,Beauty,79.59,CA,2025-04-01
52,24,2025-04-18,Beauty,20.09,UK,2025-04-01
53,316,2025-06-02,Clothing,79.3,DE,2025-06-01
54,414,2025-03-19,Furniture,277.42,IN,2025-03-01
55,407,2025-05-23,Books,49.97,UK,2025-05-01
56,229,2025-10-06,Groceries,107.29,DE,2025-10-01
57,224,2025-05-08,Beauty,41.68,US,2025-05-01
58,273,2025-12-04,Beauty,67.96,US,2025-12-01
59,474,2025-10-26,Sports,142.37,UK,2025-10-01
60,187,2025-12-30,Books,19.62,US,2025-12-01
61,441,2025-09-18,Beauty,64.97,IN,2025-09-01
62,171,2025-07-20,Clothing,24.16,AU,2025-07-01
63,23,2025-02-12,Groceries,65.4,DE,2025-02-01
64,218,2025-10-09,Sports,65.48,AU,2025-10-01
65,484,2025-09-02,Groceries,135.87,IN,2025-09-01
66,301,2025-11-30,Beauty,124.19,DE,2025-11-01
67,136,2025-05-20,Furniture,345.84,AU,2025-05-01
68,79,2025-01-14,Books,47.73,IN,2025-01-01
69,164,2025-10-04,Beauty,144.44,AU,2025-10-01
70,237,2025-10-04,Toys,103.98,UK,2025-10-01
71,67,2025-11-21,Garden,83.1,AU,2025-11-01
72,295,2025-03-29,Books,41.69,DE,2025-03-01
73,417,2025-03-23,Clothing,28.11,DE,2025-03-01
74,422,2025-11-26,Electronics,85.62,AU,2025-11-01
75,493,2025-01-08,Sports,216.06,UK,2025-01-01
76,218,2025-10-15,Garden,119.05,AU,2025-10-01
77,284,2025-11-21,Beauty,86.06,US,2025-11-01
78,474,2025-07-08,Sports,118.97,UK,2025-07-01
79,209,2025-02-09,Clothing,114.96,US,2025-02-01
80,87,2025-12-12,Groceries,22.63,US,2025-12-01
81,181,2025-07-12,Sports,169.28,US,2025-07-01
82,358,2025-11-02,Sports,54.02,UK,2025-11-01
83,138,2025-02-13,Toys,105.26,US,2025-02-01
84,365,2025-06-19,Groceries,105.08,AU,2025-06-01
85,358,2025-05-24,Electronics,370.18,UK,2025-05-01
86,41,2025-08-12,Toys,23.86,IN,2025-08-01
87,392,2025-11-17,Clothing,134.55,CA,2025-11-01
88,129,2025-03-18,Electronics,491.9,IN,2025-03-01
89,336,2025-07-30,Electronics,296.56,UK,2025-07-01
90,374,2025-11-03,Groceries,66.23,CA,2025-11-01
91,450,2025-08-06,Electronics,254.68,AU,2025-08-01
92,232,2025-08-02,Sports,200.02,CA,2025-08-01
93,334,2025-04-08,Furniture,471.07,DE,2025-04-01
94,396,2025-06-22,Garden,65.84,UK,2025-06-01
95,218,2025-09-25,Beauty,128.22,AU,2025-09-01
96,328,2025-10-28,Garden,164.44,DE,2025-10-01
97,127,2025-08-24,Sports,46.7,CA,2025-08-01
98,41,2025-10-28,Furniture,290.42,IN,2025-10-01
99,264,2025-12-11,Sports,69.99,CA,2025-12-01
100,185,2025-01-03,Home & Kitchen,28.42,CA,2025-01-01
101,201,2025-04-29,Toys,49.13,CA,2025-04-01
102,52,2025-11-24,Home & Kitchen,149,UK,2025-11-01
103,225,2025-08-17,Furniture,779.89,UK,2025-08-01
104,67,2025-04-18,Garden,169.9,AU,2025-04-01
105,168,2025-11-09,Toys,120.99,DE,2025-11-01
106,258,2025-05-12,Furniture,852.97,UK,2025-05-01
107,65,2025-09-20,Books,67.27,DE,2025-09-01
108,457,2025-08-20,Sports,53.05,UK,2025-08-01
109,391,2025-02-28,Beauty,86.18,IN,2025-02-01
110,461,2025-10-25,Home & Kitchen,258.2,AU,2025-10-01
111,29,2025-04-06,Books,62.85,IN,2025-04-01
112,20,2025-07-14,Furniture,542.06,US,2025-07-01
113,206,2025-09-24,Toys,53.05,US,2025-09-01
114,124,2025-04-28,Electronics,362.71,UK,2025-04-01
115,80,2025-01-03,Sports,133.95,AU,2025-01-01
116,263,2025-05-04,Garden,128.48,US,2025-05-01
117,228,2025-11-22,Sports,222.4,UK,2025-11-01
118,45,2025-03-22,Electronics,761.19,AU,2025-03-01
119,332,2025-10-30,Clothing,139.85,AU,2025-10-01
120,281,2025-09-12,Garden,278.27,UK,2025-09-01
121,91,2025-04-22,Groceries,118.02,AU,2025-04-01
122,141,2025-07-13,Furniture,984.35,DE,2025-07-01
123,468,2025-11-27,Furniture,794.02,UK,2025-11-01
124,138,2025-02-18,Home & Kitchen,43.7,US,2025-02-01
125,94,2025-04-22,Electronics,247.7,AU,2025-04-01
126,127,2025-08-15,Books,73.95,CA,2025-08-01
127,425,2025-06-24,Books,92.99,UK,2025-06-01
128,268,2025-04-08,Furniture,232.95,CA,2025-04-01
129,8,2025-02-03,Toys,147.25,CA,2025-02-01
130,327,2025-08-14,Toys,112.06,AU,2025-08-01
131,271,2025-07-06,Beauty,88.34,CA,2025-07-01
132,83,2025-10-11,Clothing,158.65,US,2025-10-01
133,433,2025-07-03,Beauty,89.37,IN,2025-07-01
134,235,2025-05-17,Books,57.46,IN,2025-05-01
135,167,2025-07-04,Electronics,339.2,UK,2025-07-01
136,499,2025-08-17,Beauty,33.37,IN,2025-08-01
137,255,2025-11-22,Sports,236.52,US,2025-11-01
138,87,2025-05-12,Toys,110.96,US,2025-05-01
139,122,2025-12-01,Home & Kitchen,47.06,AU,2025-12-01
140,419,2025-11-03,Books,10.73,IN,2025-11-01
141,390,2025-04-05,Electronics,752.28,IN,2025-04-01
142,71,2025-05-18,Electronics,735.49,US,2025-05-01
143,260,2025-03-24,Home & Kitchen,131.11,AU,2025-03-01
144,458,2025-11-24,Toys,119.2,CA,2025-11-01
145,81,2025-02-16,Groceries,48.91,US,2025-02-01
146,432,2025-01-03,Beauty,61.27,DE,2025-01-01
147,264,2025-10-24,Electronics,543.5,CA,2025-10-01
148,437,2025-05-12,Furniture,590.19,IN,2025-05-01
149,67,2025-06-28,Toys,70.88,AU,2025-06-01
150,364,2025-05-21,Electronics,282.9,AU,2025-05-01
151,384,2025-09-25,Books,11.33,DE,2025-09-01
152,437,2025-09-20,Beauty,37.22,IN,2025-09-01
153,238,2025-01-13,Books,10.12,AU,2025-01-01
154,485,2025-05-15,Home & Kitchen,88.37,US,2025-05-01
155,270,2025-06-25,Sports,89.84,UK,2025-06-01
156,412,2025-03-11,Toys,68.12,DE,2025-03-01
157,134,2025-07-19,Beauty,144.48,DE,2025-07-01
158,137,2025-06-30,Home & Kitchen,314.65,UK,2025-06-01
159,161,2025-10-13,Clothing,51.95,IN,2025-10-01
160,116,2025-12-18,Home & Kitchen,42.44,AU,2025-12-01
161,46,2025-08-16,Home & Kitchen,48.14,US,2025-08-01
162,64,2025-02-10,Sports,149.02,AU,2025-02-01
163,19,2025-02-19,Groceries,23.63,IN,2025-02-01
164,229,2025-07-25,Furniture,565.83,DE,2025-07-01
165,98,2025-08-14,Electronics,650.6,DE,2025-08-01
166,129,2025-02-16,Home & Kitchen,181.67,IN,2025-02-01
167,220,2025-09-20,Sports,151.19,DE,2025-09-01
168,180,2025-11-19,Clothing,97.01,CA,2025-11-01
169,222,2025-06-10,Beauty,123.94,UK,2025-06-01
170,324,2025-04-01,Electronics,730.84,CA,2025-04-01
171,90,2025-06-08,Books,29.84,DE,2025-06-01
172,122,2025-10-27,Toys,146.78,AU,2025-10-01
173,331,2025-04-10,Electronics,522.69,UK,2025-04-01
174,389,2025-06-18,Clothing,89.93,DE,2025-06-01
175,484,2025-07-12,Electronics,73.03,IN,2025-07-01
176,275,2025-11-02,Sports,96.34,US,2025-11-01
177,291,2025-06-26,Electronics,90.1,AU,2025-06-01
178,417,2025-07-20,Home & Kitchen,83.77,DE,2025-07-01
179,231,2025-07-06,Clothing,161.03,IN,2025-07-01
180,197,2025-02-04,Garden,182.25,CA,2025-02-01
181,317,2025-06-21,Toys,122.02,CA,2025-06-01
182,407,2025-12-22,Sports,187.28,UK,2025-12-01
183,169,2025-12-02,Beauty,143.47,CA,2025-12-01
184,217,2025-04-24,Groceries,59.98,AU,2025-04-01
185,447,2025-09-26,Beauty,143.59,CA,2025-09-01
186,49,2025-02-07,Groceries,41.24,CA,2025-02-01
187,341,2025-09-30,Electronics,394.47,UK,2025-09-01
188,69,2025-07-08,Books,58.94,AU,2025-07-01
189,320,2025-01-22,Electronics,293.68,US,2025-01-01
190,76,2025-06-28,Garden,251.24,AU,2025-06-01
191,2,2025-02-26,Electronics,788.71,AU,2025-02-01
192,374,2025-11-05,Garden,61.04,CA,2025-11-01
193,274,2025-08-23,Garden,166.7,UK,2025-08-01
194,260,2025-12-31,Books,29.41,AU,2025-12-01
195,106,2025-03-05,Toys,140.13,IN,2025-03-01
196,111,2025-10-20,Sports,23.01,AU,2025-10-01
197,343,2025-10-18,Home & Kitchen,262.46,IN,2025-10-01
198,374,2025-01-12,Beauty,52.6,CA,2025-01-01
199,72,2025-04-25,Sports,207.98,UK,2025-04-01
200,449,2025-06-09,Home & Kitchen,199.55,IN,2025-06-01
201,376,2025-10-19,Furniture,708.68,UK,2025-10-01
202,459,2025-01-22,Clothing,26.6,UK,2025-01-01
203,229,2025-05-29,Books,30.5,DE,2025-05-01
204,11,2025-01-10,Sports,38.11,AU,2025-01-01
205,207,2025-07-18,Electronics,487.85,IN,2025-07-01
206,335,2025-04-08,Furniture,364.13,US,2025-04-01
207,441,2025-03-18,Clothing,108.53,IN,2025-03-01
208,56,2025-02-25,Toys,131.75,US,2025-02-01
209,106,2025-01-01,Electronics,770.74,IN,2025-01-01
210,271,2025-02-11,Groceries,90.63,CA,2025-02-01
211,207,2025-01-21,Clothing,74.43,IN,2025-01-01
212,436,2025-02-13,Toys,53.05,IN,2025-02-01
213,364,2025-05-21,Books,13.83,AU,2025-05-01
214,489,2025-03-03,Sports,111.08,UK,2025-03-01
215,445,2025-08-23,Toys,63.36,DE,2025-08-01
216,89,2025-03-20,Groceries,128.74,AU,2025-03-01
217,292,2025-09-06,Groceries,69.55,IN,2025-09-01
218,387,2025-12-27,Garden,219.74,US,2025-12-01
219,263,2025-03-29,Beauty,40.62,US,2025-03-01
220,68,2025-01-16,Furniture,831.29,US,2025-01-01
221,120,2025-12-12,Furniture,633.19,UK,2025-12-01
222,232,2025-08-06,Electronics,205.09,CA,2025-08-01
223,53,2025-07-31,Clothing,175.56,US,2025-07-01
224,357,2025-02-24,Garden,29.21,IN,2025-02-01
225,280,2025-04-15,Clothing,158.9,UK,2025-04-01
226,230,2025-11-23,Home & Kitchen,84.59,CA,2025-11-01
227,324,2025-08-14,Clothing,102.91,CA,2025-08-01
228,323,2025-02-07,Garden,54.93,UK,2025-02-01
229,11,2025-06-21,Home & Kitchen,158.17,AU,2025-06-01
230,74,2025-12-23,Electronics,585.85,CA,2025-12-01
231,256,2025-09-09,Furniture,856.47,CA,2025-09-01
232,349,2025-03-13,Beauty,113.44,US,2025-03-01
233,471,2025-03-29,Clothing,118.72,US,2025-03-01
234,389,2025-01-20,Electronics,62.5,DE,2025-01-01
235,88,2025-01-09,Furniture,148.52,AU,2025-01-01
236,416,2025-11-17,Books,13.65,DE,2025-11-01
237,345,2025-05-29,Clothing,126,IN,2025-05-01
238,11,2025-07-19,Sports,168.9,AU,2025-07-01
239,74,2025-05-16,Toys,13.47,CA,2025-05-01
240,463,2025-03-12,Clothing,170.55,IN,2025-03-01
241,243,2025-02-16,Electronics,243.33,IN,2025-02-01
242,188,2025-07-27,Furniture,482.57,UK,2025-07-01
243,287,2025-07-22,Sports,101.11,CA,2025-07-01
244,330,2025-07-12,Beauty,87.02,US,2025-07-01
245,173,2025-07-12,Books,73,IN,2025-07-01
246,315,2025-07-24,Books,89.81,CA,2025-07-01
247,280,2025-04-26,Garden,46.31,UK,2025-04-01
248,291,2025-12-16,Furniture,130.44,AU,2025-12-01
249,242,2025-05-09,Electronics,339.3,US,2025-05-01
250,266,2025-09-18,Groceries,141.03,IN,2025-09-01
251,64,2025-08-31,Home & Kitchen,283.07,AU,2025-08-01
252,328,2025-07-31,Beauty,74.28,DE,2025-07-01
253,172,2025-05-09,Garden,89.92,US,2025-05-01
254,298,2025-08-29,Sports,120.01,CA,2025-08-01
255,160,2025-05-12,Toys,64.65,DE,2025-05-01
256,167,2025-10-05,Books,70.3,UK,2025-10-01
257,391,2025-01-25,Electronics,390.42,IN,2025-01-01
258,166,2025-12-06,Clothing,158.81,CA,2025-12-01
259,17,2025-04-28,Garden,76.97,DE,2025-04-01
260,468,2025-01-10,Sports,151.99,UK,2025-01-01
261,384,2025-11-02,Toys,18.97,DE,2025-11-01
262,417,2025-05-09,Clothing,44.37,DE,2025-05-01
263,229,2025-10-04,Home & Kitchen,242.2,DE,2025-10-01
264,458,2025-04-10,Groceries,130.12,CA,2025-04-01
265,365,2025-07-09,Home & Kitchen,161.06,AU,2025-07-01
266,458,2025-01-26,Furniture,514.61,CA,2025-01-01
267,386,2025-03-21,Sports,133.46,AU,2025-03-01
268,79,2025-07-07,Garden,168.65,IN,2025-07-01
269,471,2025-02-23,Furniture,809.96,US,2025-02-01
270,367,2025-07-09,Books,63.96,CA,2025-07-01
271,488,2025-05-10,Toys,61.35,IN,2025-05-01
272,227,2025-08-12,Sports,148.96,CA,2025-08-01
273,322,2025-10-09,Sports,205.4,IN,2025-10-01
274,326,2025-08-13,Groceries,137.8,IN,2025-08-01
275,110,2025-11-24,Toys,78.07,AU,2025-11-01
276,315,2025-11-13,Sports,103.33,CA,2025-11-01
277,431,2025-04-05,Home & Kitchen,231.67,AU,2025-04-01
278,243,2025-02-20,Clothing,25,IN,2025-02-01
279,265,2025-11-15,Garden,113.43,CA,2025-11-01
280,23,2025-08-23,Clothing,78.95,DE,2025-08-01
281,281,2025-08-25,Electronics,370.57,UK,2025-08-01
282,399,2025-09-04,Toys,31.26,DE,2025-09-01
283,470,2025-10-12,Beauty,114.13,CA,2025-10-01
284,112,2025-05-26,Books,61.98,AU,2025-05-01
285,456,2025-04-07,Electronics,142.9,CA,2025-04-01
286,93,2025-01-24,Beauty,123.82,DE,2025-01-01
287,489,2025-08-26,Sports,150.38,UK,2025-08-01
288,277,2025-08-11,Electronics,781.76,CA,2025-08-01
289,119,2025-01-05,Beauty,84.79,CA,2025-01-01
290,48,2025-03-03,Books,55,CA,2025-03-01
291,457,2025-01-22,Groceries,80.01,UK,2025-01-01
292,482,2025-06-01,Garden,76.64,DE,2025-06-01
293,248,2025-10-27,Electronics,731.62,UK,2025-10-01
294,105,2025-06-02,Toys,71.73,AU,2025-06-01
295,171,2025-08-20,Electronics,544.8,AU,2025-08-01
296,184,2025-11-05,Toys,138.65,UK,2025-11-01
297,459,2025-12-24,Sports,85.64,UK,2025-12-01
298,4,2025-05-31,Garden,61.12,UK,2025-05-01
299,327,2025-02-15,Toys,68.42,AU,2025-02-01
300,312,2025-01-17,Electronics,305.47,US,2025-01-01
301,50,2025-06-18,Clothing,47.32,IN,2025-06-01
302,380,2025-07-19,Books,32.22,CA,2025-07-01
303,139,2025-02-11,Home & Kitchen,73.25,UK,2025-02-01
304,246,2025-03-24,Toys,51.47,AU,2025-03-01
305,481,2025-11-18,Home & Kitchen,93.01,US,2025-11-01
306,331,2025-06-28,Toys,54.44,UK,2025-06-01
307,316,2025-07-17,Furniture,145.36,DE,2025-07-01
308,250,2025-06-11,Garden,169.2,UK,2025-06-01
309,230,2025-04-13,Beauty,47.21,CA,2025-04-01
310,85,2025-05-09,Clothing,133.81,AU,2025-05-01
311,330,2025-08-08,Books,44.64,US,2025-08-01
312,121,2025-07-21,Groceries,34.15,AU,2025-07-01
313,114,2025-08-28,Groceries,138.37,AU,2025-08-01
314,195,2025-02-09,Home & Kitchen,91.71,US,2025-02-01
315,99,2025-05-05,Groceries,120.82,UK,2025-05-01
316,98,2025-08-18,Sports,53.16,DE,2025-08-01
317,58,2025-01-10,Home & Kitchen,233.42,CA,2025-01-01
318,424,2025-09-13,Beauty,81.75,IN,2025-09-01
319,476,2025-02-12,Toys,112.79,US,2025-02-01
320,13,2025-02-01,Electronics,632.08,UK,2025-02-01
321,8,2025-03-18,Furniture,984.17,CA,2025-03-01
322,258,2025-10-02,Home & Kitchen,200.79,UK,2025-10-01
323,123,2025-07-13,Sports,29.57,DE,2025-07-01
324,262,2025-11-13,Beauty,15.84,US,2025-11-01
325,87,2025-12-09,Toys,37.89,US,2025-12-01
326,17,2025-02-23,Toys,43.58,DE,2025-02-01
327,416,2025-06-30,Books,57.36,DE,2025-06-01
328,206,2025-09-30,Electronics,645.08,US,2025-09-01
329,199,2025-05-12,Clothing,56.93,DE,2025-05-01
330,77,2025-07-07,Clothing,105.45,DE,2025-07-01
331,328,2025-03-23,Toys,35.2,DE,2025-03-01
332,358,2025-05-22,Books,42.81,UK,2025-05-01
333,459,2025-11-28,Toys,104.64,UK,2025-11-01
334,234,2025-11-02,Groceries,105.68,US,2025-11-01
335,17,2025-09-14,Sports,247.52,DE,2025-09-01
336,327,2025-04-29,Sports,36.71,AU,2025-04-01
337,55,2025-02-16,Toys,107.46,DE,2025-02-01
338,492,2025-04-15,Sports,191.28,DE,2025-04-01
339,380,2025-02-08,Garden,159.8,CA,2025-02-01
340,19,2025-11-01,Furniture,873.74,IN,2025-11-01
341,241,2025-03-04,Garden,220.71,CA,2025-03-01
342,488,2025-05-07,Sports,126.62,IN,2025-05-01
343,271,2025-09-20,Furniture,997.37,CA,2025-09-01
344,430,2025-02-20,Groceries,117.63,US,2025-02-01
345,398,2025-02-17,Toys,59.93,IN,2025-02-01
346,218,2025-10-16,Groceries,54.8,AU,2025-10-01
347,155,2025-11-02,Home & Kitchen,149.28,IN,2025-11-01
348,209,2025-03-23,Furniture,959.45,US,2025-03-01
349,33,2025-11-22,Furniture,620.38,CA,2025-11-01
350,306,2025-04-11,Electronics,267.06,US,2025-04-01
351,274,2025-04-29,Toys,25.05,UK,2025-04-01
352,148,2025-04-29,Groceries,131.52,US,2025-04-01
353,347,2025-05-29,Clothing,162.81,IN,2025-05-01
354,298,2025-12-04,Toys,128.29,CA,2025-12-01
355,74,2025-08-01,Sports,72.14,CA,2025-08-01
356,53,2025-05-04,Books,86.41,US,2025-05-01
357,319,2025-03-01,Home & Kitchen,252.59,DE,2025-03-01
358,329,2025-02-15,Clothing,116.42,AU,2025-02-01
359,159,2025-07-04,Furniture,466.35,UK,2025-07-01
360,339,2025-03-19,Toys,63.54,UK,2025-03-01
361,55,2025-02-28,Sports,217.24,DE,2025-02-01
362,247,2025-11-10,Clothing,196.89,US,2025-11-01
363,370,2025-05-28,Home & Kitchen,189.02,US,2025-05-01
364,18,2025-03-31,Beauty,142.89,US,2025-03-01
365,364,2025-01-18,Sports,52.25,AU,2025-01-01
366,44,2025-08-18,Beauty,33.87,DE,2025-08-01
367,348,2025-08-31,Toys,94.8,AU,2025-08-01
368,21,2025-10-27,Home & Kitchen,266.28,US,2025-10-01
369,29,2025-10-05,Electronics,203.84,IN,2025-10-01
370,376,2025-11-15,Furniture,154.88,UK,2025-11-01
371,420,2025-03-06,Furniture,784.59,IN,2025-03-01
372,84,2025-03-06,Toys,90.38,DE,2025-03-01
373,23,2025-09-17,Sports,170.84,DE,2025-09-01
374,42,2025-09-24,Home & Kitchen,335.45,CA,2025-09-01
375,197,2025-11-10,Beauty,119.89,CA,2025-11-01
376,194,2025-09-26,Clothing,80.56,DE,2025-09-01
377,82,2025-02-03,Clothing,159.92,AU,2025-02-01
378,460,2025-06-25,Beauty,94.62,US,2025-06-01
379,318,2025-01-31,Garden,265.47,CA,2025-01-01
380,64,2025-06-21,Groceries,41.89,AU,2025-06-01
381,77,2025-11-15,Books,86.61,DE,2025-11-01
382,107,2025-03-11,Books,72.69,IN,2025-03-01
383,179,2025-12-23,Groceries,80.44,CA,2025-12-01
384,486,2025-07-15,Books,34.42,CA,2025-07-01
385,146,2025-03-21,Garden,23.91,AU,2025-03-01
386,266,2025-10-04,Books,79.7,IN,2025-10-01
387,201,2025-02-24,Groceries,111.64,CA,2025-02-01
388,355,2025-03-03,Books,90.45,DE,2025-03-01
389,477,2025-08-28,Groceries,114.09,AU,2025-08-01
390,470,2025-02-24,Furniture,383.26,CA,2025-02-01
391,339,2025-06-03,Clothing,110.65,UK,2025-06-01
392,200,2025-09-28,Clothing,22.93,UK,2025-09-01
393,237,2025-05-22,Sports,110.45,UK,2025-05-01
394,481,2025-01-29,Books,27.78,US,2025-01-01
395,258,2025-07-29,Garden,281.24,UK,2025-07-01
396,380,2025-03-18,Books,75.82,CA,2025-03-01
397,427,2025-01-16,Groceries,76.27,AU,2025-01-01
398,381,2025-09-09,Home & Kitchen,116.98,AU,2025-09-01
399,254,2025-06-25,Furniture,358.28,US,2025-06-01
400,112,2025-06-15,Groceries,97.82,AU,2025-06-01
401,5,2025-05-22,Books,53.44,UK,2025-05-01
402,469,2025-04-06,Garden,88.11,DE,2025-04-01
403,479,2025-03-04,Furniture,919.16,AU,2025-03-01
404,100,2025-12-30,Clothing,161.11,UK,2025-12-01
405,411,2025-05-10,Sports,177.13,US,2025-05-01
406,407,2025-08-29,Electronics,716.73,UK,2025-08-01
407,387,2025-02-18,Groceries,66.03,US,2025-02-01
408,143,2025-04-02,Electronics,399.03,IN,2025-04-01
409,234,2025-06-27,Beauty,80.14,US,2025-06-01
410,103,2025-07-30,Beauty,29.41,UK,2025-07-01
411,58,2025-04-28,Beauty,13.6,CA,2025-04-01
412,391,2025-09-27,Books,65.04,IN,2025-09-01
413,290,2025-02-03,Garden,57.16,UK,2025-02-01
414,287,2025-06-19,Toys,44.99,CA,2025-06-01
415,466,2025-06-03,Books,63.11,AU,2025-06-01
416,18,2025-09-22,Furniture,540.28,US,2025-09-01
417,483,2025-01-30,Groceries,120.06,IN,2025-01-01
418,488,2025-08-07,Furniture,687.63,IN,2025-08-01
419,302,2025-11-12,Sports,201.42,US,2025-11-01
420,265,2025-03-18,Books,76.16,CA,2025-03-01
421,79,2025-08-19,Furniture,435.6,IN,2025-08-01
422,401,2025-07-12,Groceries,122.11,CA,2025-07-01
423,135,2025-03-04,Sports,69.99,US,2025-03-01
424,478,2025-01-24,Books,22.58,IN,2025-01-01
425,392,2025-10-22,Sports,187.99,CA,2025-10-01
426,321,2025-04-30,Groceries,113.57,DE,2025-04-01
427,9,2025-04-10,Sports,114.47,IN,2025-04-01
428,355,2025-11-19,Groceries,8.6,DE,2025-11-01
429,281,2025-10-07,Groceries,7.27,UK,2025-10-01
430,130,2025-02-27,Books,58.62,IN,2025-02-01
431,395,2025-01-08,Electronics,727.73,IN,2025-01-01
432,196,2025-01-18,Toys,143.63,US,2025-01-01
433,40,2025-11-11,Home & Kitchen,188.82,DE,2025-11-01
434,148,2025-04-27,Groceries,46.12,US,2025-04-01
435,139,2025-03-11,Beauty,115.04,UK,2025-03-01
436,18,2025-08-06,Electronics,460.62,US,2025-08-01
437,438,2025-12-17,Groceries,93.02,AU,2025-12-01
438,398,2025-03-06,Electronics,90.65,IN,2025-03-01
439,451,2025-05-21,Toys,27.91,US,2025-05-01
440,348,2025-09-19,Beauty,45.29,AU,2025-09-01
441,67,2025-09-23,Electronics,399.12,AU,2025-09-01
442,366,2025-08-25,Electronics,187.58,UK,2025-08-01
443,220,2025-06-13,Beauty,17.99,DE,2025-06-01
444,93,2025-11-05,Electronics,364.72,DE,2025-11-01
445,383,2025-02-05,Toys,55.68,DE,2025-02-01
446,39,2025-07-07,Clothing,151.81,UK,2025-07-01
447,151,2025-06-04,Beauty,30.13,IN,2025-06-01
448,79,2025-01-24,Clothing,76.82,IN,2025-01-01
449,471,2025-03-31,Furniture,775.8,US,2025-03-01
450,344,2025-05-09,Beauty,32.95,AU,2025-05-01
451,168,2025-01-05,Furniture,692.32,DE,2025-01-01
452,161,2025-12-03,Garden,278.57,IN,2025-12-01
453,421,2025-07-04,Home & Kitchen,139.57,DE,2025-07-01
454,444,2025-02-28,Clothing,96.88,AU,2025-02-01
455,29,2025-04-08,Home & Kitchen,347.23,IN,2025-04-01
456,121,2025-01-20,Books,16.14,AU,2025-01-01
457,241,2025-12-23,Books,48.61,CA,2025-12-01
458,454,2025-03-22,Sports,43.5,DE,2025-03-01
459,153,2025-12-04,Electronics,190.95,CA,2025-12-01
460,42,2025-07-03,Beauty,109.99,CA,2025-07-01
461,410,2025-04-25,Furniture,673.66,UK,2025-04-01
462,472,2025-01-13,Home & Kitchen,306.46,DE,2025-01-01
463,44,2025-02-26,Groceries,142.29,DE,2025-02-01
464,224,2025-08-09,Groceries,93.1,US,2025-08-01
465,8,2025-06-13,Toys,68.85,CA,2025-06-01
466,400,2025-01-23,Home & Kitchen,51.26,US,2025-01-01
467,39,2025-08-06,Home & Kitchen,110.65,UK,2025-08-01
468,352,2025-04-17,Sports,183.33,UK,2025-04-01
469,487,2025-09-25,Clothing,182.53,DE,2025-09-01
470,321,2025-03-11,Clothing,31.47,DE,2025-03-01
471,350,2025-07-12,Beauty,140.32,UK,2025-07-01
472,314,2025-08-26,Furniture,970.3,CA,2025-08-01
473,217,2025-02-09,Toys,44.66,AU,2025-02-01
474,184,2025-08-29,Home & Kitchen,193.2,UK,2025-08-01
475,171,2025-06-26,Sports,80.62,AU,2025-06-01
476,451,2025-04-11,Garden,206.36,US,2025-04-01
477,56,2025-06-13,Furniture,958.69,US,2025-06-01
478,278,2025-05-23,Toys,136.02,US,2025-05-01
479,401,2025-06-13,Books,30.26,CA,2025-06-01
480,468,2025-06-28,Furniture,300.78,UK,2025-06-01
481,99,2025-10-08,Clothing,123.6,UK,2025-10-01
482,142,2025-02-19,Books,82.19,IN,2025-02-01
483,229,2025-04-15,Electronics,414.38,DE,2025-04-01
484,375,2025-12-15,Furniture,740.53,IN,2025-12-01
485,64,2025-03-20,Garden,114.46,AU,2025-03-01
486,242,2025-10-10,Beauty,68.45,US,2025-10-01
487,280,2025-05-19,Garden,60.32,UK,2025-05-01
488,222,2025-05-31,Toys,128.96,UK,2025-05-01
489,8,2025-07-04,Books,41.74,CA,2025-07-01
490,148,2025-11-14,Clothing,199.89,US,2025-11-01
491,376,2025-12-02,Toys,121.14,UK,2025-12-01
492,74,2025-02-24,Clothing,152.65,CA,2025-02-01
493,86,2025-11-06,Furniture,283.2,IN,2025-11-01
494,434,2025-07-22,Clothing,46.42,US,2025-07-01
495,17,2025-01-13,Garden,236.96,DE,2025-01-01
496,137,2025-01-20,Electronics,256.3,UK,2025-01-01
497,163,2025-05-27,Electronics,540.09,US,2025-05-01
498,485,2025-08-04,Clothing,169.37,US,2025-08-01
499,469,2025-04-14,Sports,164.22,DE,2025-04-01
500,447,2025-09-10,Books,34.02,CA,2025-09-01
501,185,2025-10-16,Home & Kitchen,226.26,CA,2025-10-01
502,144,2025-12-19,Sports,78.64,US,2025-12-01
503,308,2025-09-09,Clothing,92.67,UK,2025-09-01
504,474,2025-06-18,Books,98.34,UK,2025-06-01
505,355,2025-09-30,Electronics,419.37,DE,2025-09-01
506,35,2025-05-18,Groceries,125.76,UK,2025-05-01
507,438,2025-03-29,Beauty,64.97,AU,2025-03-01
508,26,2025-10-30,Garden,252.25,US,2025-10-01
509,269,2025-06-15,Electronics,473.44,IN,2025-06-01
510,36,2025-06-23,Home & Kitchen,29.65,CA,2025-06-01
511,175,2025-02-24,Electronics,351.67,IN,2025-02-01
512,409,2025-05-04,Groceries,132.33,UK,2025-05-01
513,28,2025-06-17,Clothing,83.55,DE,2025-06-01
514,499,2025-05-26,Electronics,523.26,IN,2025-05-01
515,157,2025-12-02,Sports,204.35,AU,2025-12-01
516,461,2025-08-11,Toys,86.36,AU,2025-08-01
517,300,2025-05-17,Electronics,452.69,UK,2025-05-01
518,310,2025-05-14,Clothing,125.12,UK,2025-05-01
519,469,2025-03-21,Furniture,432.67,DE,2025-03-01
520,153,2025-04-29,Clothing,117.65,CA,2025-04-01
521,285,2025-10-24,Sports,168.68,CA,2025-10-01
522,148,2025-02-25,Clothing,115.4,US,2025-02-01
523,93,2025-06-21,Beauty,17,DE,2025-06-01
524,269,2025-05-19,Books,41.4,IN,2025-05-01
525,205,2025-01-02,Clothing,103.91,DE,2025-01-01
526,163,2025-06-14,Clothing,49.88,US,2025-06-01
527,439,2025-10-12,Toys,118.32,CA,2025-10-01
528,372,2025-06-05,Sports,79.44,US,2025-06-01
529,5,2025-09-22,Books,14.78,UK,2025-09-01
530,56,2025-07-18,Groceries,116.42,US,2025-07-01
531,77,2025-02-19,Electronics,323.32,DE,2025-02-01
532,471,2025-07-20,Groceries,131.54,US,2025-07-01
533,348,2025-01-13,Books,74.47,AU,2025-01-01
534,172,2025-11-17,Beauty,28.66,US,2025-11-01
535,72,2025-10-17,Electronics,57.02,UK,2025-10-01
536,126,2025-02-20,Electronics,567.37,AU,2025-02-01
537,422,2025-02-27,Furniture,190.75,AU,2025-02-01
538,152,2025-09-13,Books,52.69,DE,2025-09-01
539,208,2025-05-06,Furniture,670.84,UK,2025-05-01
540,75,2025-05-05,Toys,77.07,CA,2025-05-01
541,87,2025-08-30,Groceries,29.06,US,2025-08-01
542,94,2025-10-24,Home & Kitchen,298.54,AU,2025-10-01
543,480,2025-02-25,Toys,128.02,IN,2025-02-01
544,475,2025-12-25,Toys,142.03,CA,2025-12-01
545,492,2025-01-25,Groceries,7.9,DE,2025-01-01
546,304,2025-01-18,Clothing,92.44,AU,2025-01-01
547,271,2025-08-10,Furniture,825.2,CA,2025-08-01
548,321,2025-01-07,Beauty,55.5,DE,2025-01-01
549,182,2025-06-23,Beauty,135.81,UK,2025-06-01
550,492,2025-02-20,Beauty,18.26,DE,2025-02-01
551,266,2025-06-23,Electronics,635.77,IN,2025-06-01
552,86,2025-09-29,Electronics,600.53,IN,2025-09-01
553,42,2025-01-02,Toys,98.26,CA,2025-01-01
554,100,2025-07-01,Home & Kitchen,260.01,UK,2025-07-01
555,425,2025-06-26,Clothing,28.15,UK,2025-06-01
556,25,2025-10-28,Furniture,468.27,UK,2025-10-01
557,94,2025-11-21,Clothing,56.05,AU,2025-11-01
558,180,2025-11-23,Electronics,409.01,CA,2025-11-01
559,293,2025-04-01,Toys,111.44,DE,2025-04-01
560,384,2025-02-17,Clothing,160.63,DE,2025-02-01
561,27,2025-12-11,Garden,210.75,AU,2025-12-01
562,201,2025-07-31,Clothing,54.12,CA,2025-07-01
563,211,2025-02-11,Groceries,62.36,IN,2025-02-01
564,35,2025-03-19,Garden,62.66,UK,2025-03-01
565,418,2025-09-14,Clothing,168.92,AU,2025-09-01
566,191,2025-03-13,Home & Kitchen,57.99,UK,2025-03-01
567,343,2025-12-24,Home & Kitchen,173.16,IN,2025-12-01
568,76,2025-04-15,Clothing,47.1,AU,2025-04-01
569,207,2025-07-12,Groceries,123,IN,2025-07-01
570,433,2025-01-08,Home & Kitchen,26.81,IN,2025-01-01
571,291,2025-03-05,Groceries,72.36,AU,2025-03-01
572,157,2025-03-24,Electronics,418.61,AU,2025-03-01
573,327,2025-12-28,Home & Kitchen,192.81,AU,2025-12-01
574,477,2025-03-17,Electronics,461.06,AU,2025-03-01
575,429,2025-02-06,Books,38.44,UK,2025-02-01
576,366,2025-07-21,Sports,209.79,UK,2025-07-01
577,34,2025-05-22,Home & Kitchen,219.19,IN,2025-05-01
578,381,2025-08-12,Groceries,97.53,AU,2025-08-01
579,201,2025-06-26,Books,26.01,CA,2025-06-01
580,303,2025-11-28,Garden,283.87,CA,2025-11-01
581,129,2025-10-15,Furniture,832.41,IN,2025-10-01
582,266,2025-04-11,Groceries,38.45,IN,2025-04-01
583,169,2025-07-21,Garden,104.63,CA,2025-07-01
584,425,2025-12-28,Home & Kitchen,128.71,UK,2025-12-01
585,39,2025-11-07,Electronics,275.26,UK,2025-11-01
586,242,2025-07-20,Furniture,376.35,US,2025-07-01
587,364,2025-10-26,Beauty,97.47,AU,2025-10-01
588,215,2025-01-30,Electronics,773.1,US,2025-01-01
589,390,2025-02-16,Furniture,996.37,IN,2025-02-01
590,416,2025-07-30,Books,70.76,DE,2025-07-01
591,103,2025-02-05,Books,51.45,UK,2025-02-01
592,445,2025-12-18,Furniture,917.82,DE,2025-12-01
593,80,2025-11-01,Clothing,128.72,AU,2025-11-01
594,346,2025-03-28,Furniture,135.63,CA,2025-03-01
595,400,2025-07-20,Sports,243.01,US,2025-07-01
596,2,2025-11-07,Sports,157.57,AU,2025-11-01
597,162,2025-07-30,Toys,47.86,DE,2025-07-01
598,78,2025-07-06,Electronics,320.42,US,2025-07-01
599,158,2025-07-18,Electronics,785.03,US,2025-07-01
600,156,2025-11-05,Clothing,188.73,IN,2025-11-01
601,469,2025-01-21,Books,71.47,DE,2025-01-01
602,215,2025-01-20,Electronics,217.21,US,2025-01-01
603,186,2025-10-21,Home & Kitchen,133.38,CA,2025-10-01
604,286,2025-09-07,Groceries,19.73,UK,2025-09-01
605,217,2025-11-02,Electronics,447.94,AU,2025-11-01
606,423,2025-07-19,Beauty,138.03,AU,2025-07-01
607,326,2025-04-18,Sports,117.43,IN,2025-04-01
608,452,2025-05-18,Groceries,41.23,DE,2025-05-01
609,195,2025-02-07,Sports,239.14,US,2025-02-01
610,430,2025-12-16,Toys,38.14,US,2025-12-01
611,187,2025-05-29,Furniture,886.03,US,2025-05-01
612,115,2025-06-05,Electronics,659.11,DE,2025-06-01
613,238,2025-12-13,Home & Kitchen,243.84,AU,2025-12-01
614,48,2025-08-25,Clothing,49.08,CA,2025-08-01
615,138,2025-12-07,Home & Kitchen,202.07,US,2025-12-01
616,28,2025-01-08,Books,26.86,DE,2025-01-01
617,204,2025-09-30,Sports,202.43,DE,2025-09-01
618,242,2025-03-31,Electronics,299.95,US,2025-03-01
619,323,2025-10-23,Clothing,115.96,UK,2025-10-01
620,385,2025-12-13,Home & Kitchen,259.15,DE,2025-12-01
621,44,2025-12-30,Beauty,63.7,DE,2025-12-01
622,433,2025-07-03,Groceries,84.66,IN,2025-07-01
623,161,2025-05-04,Electronics,83.69,IN,2025-05-01
624,164,2025-07-27,Furniture,819.28,AU,2025-07-01
625,115,2025-04-07,Beauty,132.79,DE,2025-04-01
626,397,2025-10-29,Books,79.65,US,2025-10-01
627,370,2025-06-19,Garden,298.52,US,2025-06-01
628,335,2025-07-08,Groceries,44.29,US,2025-07-01
629,77,2025-01-24,Clothing,145.66,DE,2025-01-01
630,174,2025-01-07,Garden,219.39,UK,2025-01-01
631,94,2025-08-15,Toys,145.55,AU,2025-08-01
632,119,2025-03-09,Sports,31.71,CA,2025-03-01
633,146,2025-02-16,Sports,104.53,AU,2025-02-01
634,364,2025-09-26,Beauty,145.39,AU,2025-09-01
635,434,2025-05-27,Books,45.48,US,2025-05-01
636,103,2025-08-26,Groceries,100.99,UK,2025-08-01
637,282,2025-03-06,Clothing,76.51,CA,2025-03-01
638,420,2025-06-08,Electronics,590.02,IN,2025-06-01
639,292,2025-01-06,Garden,189.58,IN,2025-01-01
640,56,2025-10-07,Groceries,73.36,US,2025-10-01
641,313,2025-02-04,Toys,85.41,IN,2025-02-01
642,3,2025-10-18,Electronics,573.94,DE,2025-10-01
643,217,2025-01-01,Furniture,610.7,AU,2025-01-01
644,11,2025-01-18,Garden,274.6,AU,2025-01-01
645,51,2025-11-30,Electronics,735.27,CA,2025-11-01
646,414,2025-12-01,Sports,138.74,IN,2025-12-01
647,272,2025-03-18,Books,88.01,US,2025-03-01
648,367,2025-08-05,Sports,165.35,CA,2025-08-01
649,11,2025-04-05,Electronics,71.78,AU,2025-04-01
650,230,2025-12-03,Groceries,48.87,CA,2025-12-01
651,352,2025-06-07,Furniture,131.16,UK,2025-06-01
652,223,2025-10-24,Clothing,88.28,UK,2025-10-01
653,101,2025-12-26,Groceries,28.62,UK,2025-12-01
654,450,2025-12-26,Books,22.44,AU,2025-12-01
655,406,2025-04-22,Clothing,185.99,CA,2025-04-01
656,145,2025-12-05,Toys,58.89,AU,2025-12-01
657,133,2025-10-27,Groceries,89.06,CA,2025-10-01
658,115,2025-01-18,Groceries,51.82,DE,2025-01-01
659,335,2025-10-15,Clothing,126.86,US,2025-10-01
660,243,2025-11-02,Books,67.85,IN,2025-11-01
661,96,2025-07-04,Toys,49.63,CA,2025-07-01
662,318,2025-05-20,Garden,251.97,CA,2025-05-01
663,419,2025-01-11,Home & Kitchen,60.5,IN,2025-01-01
664,91,2025-11-17,Garden,33,AU,2025-11-01
665,406,2025-10-23,Toys,142.75,CA,2025-10-01
666,447,2025-07-05,Beauty,52.82,CA,2025-07-01
667,89,2025-03-23,Home & Kitchen,272.63,AU,2025-03-01
668,143,2025-02-04,Clothing,120.04,IN,2025-02-01
669,123,2025-03-05,Sports,246.53,DE,2025-03-01
670,291,2025-12-01,Groceries,18.89,AU,2025-12-01
671,30,2025-02-14,Toys,118.73,AU,2025-02-01
672,162,2025-10-04,Sports,44.34,DE,2025-10-01
673,69,2025-08-19,Clothing,122.81,AU,2025-08-01
674,453,2025-10-08,Toys,125.36,DE,2025-10-01
675,455,2025-12-29,Sports,25.86,AU,2025-12-01
676,130,2025-06-07,Sports,70.21,IN,2025-06-01
677,208,2025-06-03,Clothing,131.11,UK,2025-06-01
678,488,2025-01-26,Home & Kitchen,244.77,IN,2025-01-01
679,23,2025-08-23,Toys,132.72,DE,2025-08-01
680,471,2025-07-15,Books,88.44,US,2025-07-01
681,216,2025-02-13,Furniture,987.03,CA,2025-02-01
682,277,2025-10-22,Clothing,71.49,CA,2025-10-01
683,466,2025-01-30,Sports,168.32,AU,2025-01-01
684,275,2025-11-20,Electronics,584.37,US,2025-11-01
685,393,2025-03-11,Home & Kitchen,224.59,UK,2025-03-01
686,211,2025-11-15,Beauty,53.43,IN,2025-11-01
687,446,2025-10-04,Groceries,104.8,UK,2025-10-01
688,494,2025-11-15,Groceries,16.52,DE,2025-11-01
689,211,2025-11-08,Electronics,189.97,IN,2025-11-01
690,197,2025-12-10,Clothing,194.39,CA,2025-12-01
691,173,2025-04-07,Sports,83.47,IN,2025-04-01
692,208,2025-03-18,Furniture,718.43,UK,2025-03-01
693,487,2025-08-16,Garden,102.25,DE,2025-08-01
694,360,2025-12-25,Toys,118.58,CA,2025-12-01
695,32,2025-09-01,Groceries,56.62,DE,2025-09-01
696,48,2025-01-14,Sports,106.66,CA,2025-01-01
697,271,2025-10-23,Clothing,127.34,CA,2025-10-01
698,154,2025-07-25,Beauty,145.56,IN,2025-07-01
699,404,2025-08-20,Groceries,53.64,UK,2025-08-01
700,35,2025-12-05,Sports,156.38,UK,2025-12-01
701,55,2025-02-24,Sports,55.83,DE,2025-02-01
702,415,2025-05-17,Furniture,251.09,DE,2025-05-01
703,381,2025-09-14,Clothing,75.56,AU,2025-09-01
704,152,2025-02-18,Groceries,111.43,DE,2025-02-01
705,17,2025-11-28,Home & Kitchen,36.8,DE,2025-11-01
706,327,2025-04-22,Sports,237.06,AU,2025-04-01
707,441,2025-05-27,Furniture,598.25,IN,2025-05-01
708,333,2025-10-24,Furniture,410.11,DE,2025-10-01
709,419,2025-09-21,Books,63.31,IN,2025-09-01
710,186,2025-12-02,Furniture,400.84,CA,2025-12-01
711,438,2025-01-16,Furniture,887.35,AU,2025-01-01
712,269,2025-03-04,Clothing,111.05,IN,2025-03-01
713,462,2025-10-31,Clothing,75.36,AU,2025-10-01
714,324,2025-01-23,Toys,26.56,CA,2025-01-01
715,127,2025-12-06,Furniture,879.35,CA,2025-12-01
716,25,2025-08-17,Furniture,716.24,UK,2025-08-01
717,29,2025-08-22,Books,96.39,IN,2025-08-01
718,181,2025-12-15,Home & Kitchen,305.36,US,2025-12-01
719,16,2025-10-30,Books,71.18,DE,2025-10-01
720,169,2025-03-08,Electronics,353.21,CA,2025-03-01
721,240,2025-01-06,Garden,25.01,US,2025-01-01
722,9,2025-03-25,Home & Kitchen,258.49,IN,2025-03-01
723,293,2025-10-15,Toys,55.98,DE,2025-10-01
724,310,2025-05-19,Furniture,521.07,UK,2025-05-01
725,214,2025-01-10,Sports,130.91,US,2025-01-01
726,238,2025-07-04,Books,67.9,AU,2025-07-01
727,236,2025-11-22,Sports,194.18,AU,2025-11-01
728,470,2025-10-27,Garden,289.1,CA,2025-10-01
729,24,2025-01-19,Clothing,116.06,UK,2025-01-01
730,270,2025-10-29,Garden,123.11,UK,2025-10-01
731,158,2025-09-12,Clothing,116.65,US,2025-09-01
732,109,2025-02-28,Sports,80.06,US,2025-02-01
733,190,2025-06-02,Toys,145.44,IN,2025-06-01
734,116,2025-05-23,Beauty,87.34,AU,2025-05-01
735,367,2025-06-29,Books,58.55,CA,2025-06-01
736,296,2025-10-31,Toys,73.68,DE,2025-10-01
737,493,2025-06-30,Electronics,731.36,UK,2025-06-01
738,223,2025-10-24,Electronics,539.55,UK,2025-10-01
739,375,2025-03-30,Toys,125.93,IN,2025-03-01
740,167,2025-02-06,Home & Kitchen,54.69,UK,2025-02-01
741,229,2025-10-01,Garden,111.11,DE,2025-10-01
742,72,2025-06-03,Sports,45.98,UK,2025-06-01
743,239,2025-10-18,Electronics,347.85,CA,2025-10-01
744,270,2025-12-20,Furniture,916,UK,2025-12-01
745,432,2025-07-05,Beauty,147.44,DE,2025-07-01
746,321,2025-02-26,Toys,111.2,DE,2025-02-01
747,151,2025-01-08,Books,19.31,IN,2025-01-01
748,26,2025-05-19,Toys,25.81,US,2025-05-01
749,46,2025-11-26,Sports,88.89,US,2025-11-01
750,23,2025-09-12,Home & Kitchen,269.65,DE,2025-09-01
751,223,2025-12-28,Furniture,916.06,UK,2025-12-01
752,191,2025-06-30,Electronics,369.54,UK,2025-06-01
753,405,2025-08-19,Furniture,886.91,CA,2025-08-01
754,337,2025-01-01,Sports,95.68,US,2025-01-01
755,256,2025-02-01,Furniture,302.28,CA,2025-02-01
756,39,2025-05-29,Electronics,542.58,UK,2025-05-01
757,327,2025-02-27,Sports,126.8,AU,2025-02-01
758,45,2025-01-13,Toys,106.93,AU,2025-01-01
759,303,2025-12-15,Books,85.76,CA,2025-12-01
760,332,2025-01-31,Sports,150.78,AU,2025-01-01
761,96,2025-01-05,Home & Kitchen,124.2,CA,2025-01-01
762,174,2025-01-15,Toys,65.81,UK,2025-01-01
763,467,2025-03-05,Sports,77.29,UK,2025-03-01
764,316,2025-08-05,Clothing,60.21,DE,2025-08-01
765,83,2025-09-14,Garden,136.81,US,2025-09-01
766,345,2025-08-09,Electronics,164.52,IN,2025-08-01
767,401,2025-02-06,Garden,286.83,CA,2025-02-01
768,137,2025-09-13,Electronics,339.6,UK,2025-09-01
769,109,2025-09-26,Home & Kitchen,321.93,US,2025-09-01
770,382,2025-12-29,Books,28.41,UK,2025-12-01
771,366,2025-04-06,Sports,154.96,UK,2025-04-01
772,407,2025-06-01,Garden,36.81,UK,2025-06-01
773,159,2025-05-13,Sports,110.19,UK,2025-05-01
774,166,2025-12-03,Electronics,199.89,CA,2025-12-01
775,289,2025-05-31,Garden,264.13,UK,2025-05-01
776,336,2025-07-14,Clothing,137.65,UK,2025-07-01
777,316,2025-09-29,Toys,112.12,DE,2025-09-01
778,72,2025-10-15,Sports,52.97,UK,2025-10-01
779,133,2025-12-27,Books,14.61,CA,2025-12-01
780,319,2025-04-01,Groceries,51.15,DE,2025-04-01
781,202,2025-12-17,Electronics,528.36,AU,2025-12-01
782,425,2025-09-04,Furniture,127.24,UK,2025-09-01
783,348,2025-09-03,Electronics,307.82,AU,2025-09-01
784,37,2025-03-04,Furniture,103.26,US,2025-03-01
785,430,2025-03-08,Furniture,257.61,US,2025-03-01
786,83,2025-06-30,Sports,34.1,US,2025-06-01
787,481,2025-05-20,Beauty,82.2,US,2025-05-01
788,144,2025-02-22,Toys,67.93,US,2025-02-01
789,6,2025-05-25,Electronics,497.33,AU,2025-05-01
790,252,2025-02-28,Garden,160.53,CA,2025-02-01
791,180,2025-01-24,Sports,81.34,CA,2025-01-01
792,200,2025-10-09,Toys,13.81,UK,2025-10-01
793,89,2025-05-09,Sports,61.56,AU,2025-05-01
794,462,2025-09-24,Sports,96.81,AU,2025-09-01
795,95,2025-03-28,Toys,70.49,UK,2025-03-01
796,302,2025-09-16,Furniture,372.03,US,2025-09-01
797,345,2025-07-18,Clothing,21.38,IN,2025-07-01
798,264,2025-12-08,Sports,30.32,CA,2025-12-01
799,171,2025-02-07,Groceries,15.67,AU,2025-02-01
800,375,2025-08-27,Clothing,199.24,IN,2025-08-01
801,244,2025-05-13,Home & Kitchen,26.77,DE,2025-05-01
802,280,2025-04-30,Garden,171.35,UK,2025-04-01
803,5,2025-05-26,Home & Kitchen,130.94,UK,2025-05-01
804,142,2025-12-30,Clothing,130.47,IN,2025-12-01
805,481,2025-06-07,Home & Kitchen,113.93,US,2025-06-01
806,449,2025-01-30,Home & Kitchen,286.85,IN,2025-01-01
807,357,2025-02-26,Clothing,82.7,IN,2025-02-01
808,355,2025-08-28,Sports,185.52,DE,2025-08-01
809,4,2025-05-08,Toys,140.43,UK,2025-05-01
810,35,2025-05-31,Beauty,100.45,UK,2025-05-01
811,238,2025-12-17,Furniture,353.64,AU,2025-12-01
812,210,2025-11-02,Furniture,607.82,UK,2025-11-01
813,266,2025-12-25,Beauty,26.95,IN,2025-12-01
814,12,2025-10-25,Furniture,997.42,US,2025-10-01
815,128,2025-08-18,Books,51.72,DE,2025-08-01
816,432,2025-06-22,Garden,46.6,DE,2025-06-01
817,259,2025-03-02,Books,33.94,UK,2025-03-01
818,282,2025-02-07,Beauty,26.71,CA,2025-02-01
819,204,2025-09-22,Sports,136.81,DE,2025-09-01
820,444,2025-02-26,Furniture,880.92,AU,2025-02-01
821,229,2025-06-15,Home & Kitchen,208.91,DE,2025-06-01
822,45,2025-03-12,Sports,240.32,AU,2025-03-01
823,264,2025-01-30,Clothing,173.32,CA,2025-01-01
824,401,2025-07-11,Furniture,175.82,CA,2025-07-01
825,389,2025-05-16,Garden,258.1,DE,2025-05-01
826,339,2025-06-24,Toys,29.87,UK,2025-06-01
827,358,2025-11-18,Toys,129.49,UK,2025-11-01
828,32,2025-06-06,Home & Kitchen,263.37,DE,2025-06-01
829,258,2025-05-08,Clothing,46.8,UK,2025-05-01
830,145,2025-12-14,Electronics,220.04,AU,2025-12-01
831,375,2025-12-11,Books,41.24,IN,2025-12-01
832,305,2025-04-17,Beauty,100.72,AU,2025-04-01
833,200,2025-02-06,Garden,171.69,UK,2025-02-01
834,307,2025-03-15,Sports,48.88,IN,2025-03-01
835,402,2025-01-23,Electronics,548.27,DE,2025-01-01
836,410,2025-10-11,Clothing,32.94,UK,2025-10-01
837,286,2025-04-02,Groceries,23.36,UK,2025-04-01
838,211,2025-02-06,Beauty,35.7,IN,2025-02-01
839,69,2025-05-04,Toys,143.08,AU,2025-05-01
840,349,2025-03-27,Beauty,94.94,US,2025-03-01
841,477,2025-11-17,Sports,214.25,AU,2025-11-01
842,46,2025-06-27,Clothing,106.89,US,2025-06-01
843,12,2025-09-10,Garden,275.45,US,2025-09-01
844,312,2025-10-19,Home & Kitchen,46.29,US,2025-10-01
845,1,2025-09-04,Beauty,99.07,DE,2025-09-01
846,432,2025-08-28,Toys,89.29,DE,2025-08-01
847,350,2025-08-07,Home & Kitchen,27.36,UK,2025-08-01
848,126,2025-04-14,Groceries,57.95,AU,2025-04-01
849,498,2025-12-02,Clothing,99.22,AU,2025-12-01
850,52,2025-12-17,Sports,159.05,UK,2025-12-01
851,7,2025-10-05,Beauty,57.03,DE,2025-10-01
852,197,2025-12-11,Garden,83.86,CA,2025-12-01
853,394,2025-12-23,Beauty,21.98,UK,2025-12-01
854,292,2025-08-05,Electronics,470.85,IN,2025-08-01
855,256,2025-02-12,Toys,60.49,CA,2025-02-01
856,392,2025-12-01,Home & Kitchen,240.41,CA,2025-12-01
857,255,2025-04-17,Books,34.93,US,2025-04-01
858,49,2025-03-25,Furniture,505.66,CA,2025-03-01
859,479,2025-05-22,Furniture,257.7,AU,2025-05-01
860,69,2025-01-09,Electronics,518.06,AU,2025-01-01
861,167,2025-07-02,Beauty,45.65,UK,2025-07-01
862,406,2025-06-13,Clothing,182.5,CA,2025-06-01
863,332,2025-04-02,Furniture,488.33,AU,2025-04-01
864,493,2025-08-15,Furniture,908.65,UK,2025-08-01
865,394,2025-05-06,Electronics,264.84,UK,2025-05-01
866,190,2025-08-13,Sports,108.35,IN,2025-08-01
867,221,2025-04-29,Garden,24.02,US,2025-04-01
868,478,2025-10-03,Groceries,73.7,IN,2025-10-01
869,380,2025-02-07,Garden,36.38,CA,2025-02-01
870,193,2025-11-05,Beauty,55.31,UK,2025-11-01
871,303,2025-04-11,Sports,222.95,CA,2025-04-01
872,142,2025-03-22,Groceries,102.96,IN,2025-03-01
873,71,2025-12-21,Toys,133.62,US,2025-12-01
874,191,2025-04-01,Books,82.94,UK,2025-04-01
875,162,2025-05-06,Books,61.67,DE,2025-05-01
876,458,2025-06-06,Groceries,122.28,CA,2025-06-01
877,373,2025-07-02,Home & Kitchen,219.9,IN,2025-07-01
878,207,2025-01-06,Beauty,91.87,IN,2025-01-01
879,253,2025-03-09,Garden,286.67,CA,2025-03-01
880,403,2025-09-04,Books,53.2,IN,2025-09-01
881,466,2025-10-26,Clothing,106.28,AU,2025-10-01
882,110,2025-05-23,Beauty,14.1,AU,2025-05-01
883,256,2025-02-02,Books,60.09,CA,2025-02-01
884,406,2025-09-14,Toys,48.63,CA,2025-09-01
885,274,2025-12-17,Toys,74.1,UK,2025-12-01
886,435,2025-04-18,Books,94,US,2025-04-01
887,382,2025-05-04,Furniture,642.82,UK,2025-05-01
888,323,2025-09-08,Toys,34.68,UK,2025-09-01
889,363,2025-03-07,Groceries,121.69,DE,2025-03-01
890,52,2025-09-01,Groceries,101.66,UK,2025-09-01
891,191,2025-12-20,Sports,222.23,UK,2025-12-01
892,165,2025-11-03,Beauty,99.91,CA,2025-11-01
893,366,2025-09-27,Books,71.91,UK,2025-09-01
894,18,2025-06-24,Groceries,148.93,US,2025-06-01
895,169,2025-07-12,Clothing,48.56,CA,2025-07-01
896,321,2025-10-30,Groceries,103.6,DE,2025-10-01
897,295,2025-07-06,Sports,178.97,DE,2025-07-01
898,271,2025-11-16,Sports,212.98,CA,2025-11-01
899,177,2025-06-26,Garden,225.06,CA,2025-06-01
900,454,2025-01-17,Electronics,210.83,DE,2025-01-01
901,493,2025-04-25,Groceries,135.88,UK,2025-04-01
902,353,2025-02-13,Sports,93.32,DE,2025-02-01
903,358,2025-05-15,Sports,238.15,UK,2025-05-01
904,424,2025-04-03,Toys,61.62,IN,2025-04-01
905,458,2025-07-14,Toys,39.96,CA,2025-07-01
906,316,2025-12-01,Books,94.23,DE,2025-12-01
907,418,2025-05-13,Home & Kitchen,154.15,AU,2025-05-01
908,346,2025-11-13,Toys,88.13,CA,2025-11-01
909,18,2025-05-10,Clothing,167.31,US,2025-05-01
910,453,2025-10-19,Furniture,757.72,DE,2025-10-01
911,444,2025-07-13,Furniture,248.03,AU,2025-07-01
912,35,2025-04-07,Home & Kitchen,316.49,UK,2025-04-01
913,198,2025-07-01,Groceries,147.78,CA,2025-07-01
914,477,2025-09-08,Furniture,652.6,AU,2025-09-01
915,54,2025-06-16,Clothing,99.3,US,2025-06-01
916,171,2025-10-06,Garden,218.54,AU,2025-10-01
917,252,2025-08-04,Clothing,38.81,CA,2025-08-01
918,73,2025-05-21,Electronics,54.67,IN,2025-05-01
919,278,2025-05-23,Home & Kitchen,169.36,US,2025-05-01
920,20,2025-06-11,Beauty,30.12,US,2025-06-01
921,175,2025-05-23,Garden,93.18,IN,2025-05-01
922,478,2025-06-29,Garden,189.32,IN,2025-06-01
923,114,2025-05-28,Books,93.93,AU,2025-05-01
924,487,2025-05-28,Toys,104.17,DE,2025-05-01
925,169,2025-10-05,Toys,13.23,CA,2025-10-01
926,398,2025-11-11,Clothing,67.88,IN,2025-11-01
927,29,2025-08-12,Sports,152.49,IN,2025-08-01
928,267,2025-06-01,Toys,111.54,CA,2025-06-01
929,444,2025-11-29,Furniture,677.24,AU,2025-11-01
930,20,2025-09-08,Clothing,98.89,US,2025-09-01
931,465,2025-01-10,Furniture,251.84,AU,2025-01-01
932,236,2025-03-05,Groceries,65.83,AU,2025-03-01
933,472,2025-03-11,Groceries,62.41,DE,2025-03-01
934,492,2025-01-31,Furniture,444.58,DE,2025-01-01
935,179,2025-11-10,Electronics,331.13,CA,2025-11-01
936,345,2025-11-12,Toys,34.95,IN,2025-11-01
937,269,2025-10-20,Furniture,304.3,IN,2025-10-01
938,76,2025-07-03,Home & Kitchen,229.57,AU,2025-07-01
939,390,2025-05-08,Home & Kitchen,235.19,IN,2025-05-01
940,323,2025-11-15,Sports,206.45,UK,2025-11-01
941,92,2025-02-15,Clothing,159.58,CA,2025-02-01
942,428,2025-05-26,Garden,152.95,IN,2025-05-01
943,492,2025-09-18,Books,15.07,DE,2025-09-01
944,267,2025-02-25,Home & Kitchen,83.55,CA,2025-02-01
945,19,2025-09-07,Clothing,49.95,IN,2025-09-01
946,11,2025-09-06,Furniture,470.69,AU,2025-09-01
947,63,2025-09-30,Home & Kitchen,76.85,AU,2025-09-01
948,356,2025-08-27,Toys,53.34,US,2025-08-01
949,406,2025-08-30,Beauty,83.35,CA,2025-08-01
950,395,2025-08-26,Garden,137.3,IN,2025-08-01
951,155,2025-10-17,Home & Kitchen,291.88,IN,2025-10-01
952,258,2025-12-18,Electronics,284.02,UK,2025-12-01
953,487,2025-01-27,Furniture,632.54,DE,2025-01-01
954,252,2025-06-06,Groceries,140.54,CA,2025-06-01
955,390,2025-09-05,Home & Kitchen,75.17,IN,2025-09-01
956,231,2025-01-08,Home & Kitchen,53.22,IN,2025-01-01
957,228,2025-11-19,Sports,48.39,UK,2025-11-01
958,311,2025-01-04,Toys,120.39,IN,2025-01-01
959,48,2025-11-26,Garden,246.32,CA,2025-11-01
960,382,2025-03-23,Electronics,386.64,UK,2025-03-01
961,255,2025-10-07,Clothing,86.73,US,2025-10-01
962,156,2025-01-05,Home & Kitchen,309.93,IN,2025-01-01
963,285,2025-03-10,Beauty,25.46,CA,2025-03-01
964,196,2025-12-15,Clothing,145.06,US,2025-12-01
965,169,2025-01-17,Clothing,128.1,CA,2025-01-01
966,389,2025-05-30,Clothing,84,DE,2025-05-01
967,112,2025-11-17,Garden,223.35,AU,2025-11-01
968,95,2025-09-27,Books,37.45,UK,2025-09-01
969,251,2025-02-15,Garden,118.56,US,2025-02-01
970,107,2025-04-02,Home & Kitchen,164.72,IN,2025-04-01
971,368,2025-02-20,Garden,94.7,IN,2025-02-01
972,137,2025-05-23,Toys,105.83,UK,2025-05-01
973,339,2025-01-25,Toys,104.12,UK,2025-01-01
974,156,2025-01-21,Clothing,143.04,IN,2025-01-01
975,271,2025-12-11,Clothing,195.11,CA,2025-12-01
976,60,2025-03-20,Furniture,708.58,UK,2025-03-01
977,203,2025-04-03,Garden,294.26,CA,2025-04-01
978,221,2025-12-26,Toys,143.87,US,2025-12-01
979,17,2025-05-26,Beauty,133.24,DE,2025-05-01
980,445,2025-11-01,Books,85.17,DE,2025-11-01
981,41,2025-05-08,Books,98.41,IN,2025-05-01
982,25,2025-11-01,Garden,242.98,UK,2025-11-01
983,239,2025-02-12,Electronics,601.79,CA,2025-02-01
984,332,2025-08-17,Furniture,415.78,AU,2025-08-01
985,275,2025-05-06,Books,85.8,US,2025-05-01
986,52,2025-04-07,Furniture,988.23,UK,2025-04-01
987,199,2025-04-10,Groceries,100,DE,2025-04-01
988,267,2025-12-03,Toys,20.54,CA,2025-12-01
989,143,2025-06-29,Beauty,63.96,IN,2025-06-01
990,201,2025-08-28,Beauty,75.51,CA,2025-08-01
991,494,2025-07-10,Electronics,91.85,DE,2025-07-01
992,344,2025-06-07,Furniture,151.18,AU,2025-06-01
993,339,2025-05-05,Garden,259.47,UK,2025-05-01
994,139,2025-10-08,Electronics,330.42,UK,2025-10-01
995,33,2025-09-03,Toys,56.48,CA,2025-09-01
996,457,2025-08-01,Garden,68.81,UK,2025-08-01
997,105,2025-12-10,Toys,114.45,AU,2025-12-01
998,279,2025-03-29,Books,53.56,DE,2025-03-01
999,248,2025-10-23,Garden,266.32,UK,2025-10-01
1000,17,2025-03-30,Groceries,95.75,DE,2025-03-01
1001,138,2025-04-28,Books,53.31,US,2025-04-01
1002,456,2025-04-22,Books,73.63,CA,2025-04-01
1003,18,2025-07-02,Toys,125.07,US,2025-07-01
1004,408,2025-07-06,Beauty,45.04,AU,2025-07-01
1005,102,2025-09-26,Books,78.25,IN,2025-09-01
1006,345,2025-04-04,Sports,197.11,IN,2025-04-01
1007,434,2025-03-24,Sports,138.57,US,2025-03-01
1008,71,2025-06-24,Books,57.96,US,2025-06-01
1009,359,2025-06-09,Furniture,635.83,DE,2025-06-01
1010,396,2025-04-13,Groceries,93.36,UK,2025-04-01
1011,489,2025-08-31,Furniture,344.61,UK,2025-08-01
1012,80,2025-11-29,Toys,90.74,AU,2025-11-01
1013,131,2025-09-06,Books,74.48,AU,2025-09-01
1014,415,2025-06-22,Home & Kitchen,199.75,DE,2025-06-01
1015,227,2025-07-05,Beauty,17.84,CA,2025-07-01
1016,21,2025-09-27,Books,78.48,US,2025-09-01
1017,238,2025-05-07,Garden,103.15,AU,2025-05-01
1018,318,2025-07-10,Books,43.2,CA,2025-07-01
1019,162,2025-12-21,Furniture,530.17,DE,2025-12-01
1020,28,2025-05-27,Garden,148.44,DE,2025-05-01
1021,420,2025-04-04,Sports,175.99,IN,2025-04-01
1022,154,2025-02-01,Garden,103.82,IN,2025-02-01
1023,129,2025-01-16,Sports,56.69,IN,2025-01-01
1024,90,2025-02-26,Furniture,688.32,DE,2025-02-01
1025,277,2025-11-18,Electronics,416.73,CA,2025-11-01
1026,426,2025-05-10,Toys,147.92,DE,2025-05-01
1027,376,2025-07-13,Sports,223.59,UK,2025-07-01
1028,469,2025-10-07,Books,62.69,DE,2025-10-01
1029,358,2025-05-02,Clothing,69.23,UK,2025-05-01
1030,121,2025-05-15,Sports,170.19,AU,2025-05-01
1031,163,2025-07-01,Garden,33.49,US,2025-07-01
1032,94,2025-04-08,Books,48.71,AU,2025-04-01
1033,12,2025-09-03,Books,64.07,US,2025-09-01
1034,481,2025-01-08,Toys,23.21,US,2025-01-01
1035,249,2025-07-17,Clothing,121.63,IN,2025-07-01
1036,492,2025-07-31,Home & Kitchen,147.46,DE,2025-07-01
1037,141,2025-10-25,Books,22.11,DE,2025-10-01
1038,306,2025-07-21,Furniture,439.53,US,2025-07-01
1039,448,2025-08-29,Toys,34.5,IN,2025-08-01
1040,33,2025-01-09,Clothing,70.65,CA,2025-01-01
1041,152,2025-05-05,Sports,75.8,DE,2025-05-01
1042,9,2025-02-16,Home & Kitchen,79.59,IN,2025-02-01
1043,159,2025-09-13,Toys,130.16,UK,2025-09-01
1044,352,2025-06-04,Books,82.9,UK,2025-06-01
1045,194,2025-06-05,Groceries,47.73,DE,2025-06-01
1046,384,2025-11-01,Books,70.41,DE,2025-11-01
1047,287,2025-03-23,Garden,147.67,CA,2025-03-01
1048,60,2025-08-28,Sports,118.47,UK,2025-08-01
1049,91,2025-06-10,Toys,39.28,AU,2025-06-01
1050,99,2025-04-09,Books,73.85,UK,2025-04-01
1051,374,2025-01-16,Furniture,393.64,CA,2025-01-01
1052,225,2025-10-25,Beauty,102.55,UK,2025-10-01
1053,407,2025-10-19,Home & Kitchen,75.36,UK,2025-10-01
1054,370,2025-12-07,Home & Kitchen,241.61,US,2025-12-01
1055,421,2025-09-09,Toys,39.37,DE,2025-09-01
1056,202,2025-07-19,Home & Kitchen,173.16,AU,2025-07-01
1057,171,2025-10-14,Sports,22.77,AU,2025-10-01
1058,147,2025-11-01,Home & Kitchen,119.14,IN,2025-11-01
1059,400,2025-07-27,Books,13.78,US,2025-07-01
1060,239,2025-08-02,Sports,84.27,CA,2025-08-01
1061,167,2025-03-02,Sports,248.19,UK,2025-03-01
1062,96,2025-02-05,Garden,187.8,CA,2025-02-01
1063,240,2025-09-05,Beauty,27.85,US,2025-09-01
1064,306,2025-05-07,Sports,27.03,US,2025-05-01
1065,403,2025-09-24,Clothing,55.11,IN,2025-09-01
1066,132,2025-11-26,Electronics,144.11,IN,2025-11-01
1067,179,2025-08-08,Books,17.78,CA,2025-08-01
1068,163,2025-04-10,Books,64.47,US,2025-04-01
1069,290,2025-11-08,Books,34.21,UK,2025-11-01
1070,413,2025-02-13,Clothing,74.14,AU,2025-02-01
1071,77,2025-09-09,Furniture,294.52,DE,2025-09-01
1072,484,2025-09-17,Sports,170.53,IN,2025-09-01
1073,468,2025-10-25,Electronics,278.03,UK,2025-10-01
1074,310,2025-06-21,Books,46.54,UK,2025-06-01
1075,230,2025-07-13,Sports,183.13,CA,2025-07-01
1076,323,2025-11-12,Furniture,837.94,UK,2025-11-01
1077,345,2025-10-02,Books,32.13,IN,2025-10-01
1078,213,2025-07-11,Books,45.19,US,2025-07-01
1079,309,2025-01-17,Sports,241.26,AU,2025-01-01
1080,424,2025-12-31,Books,33.84,IN,2025-12-01
1081,133,2025-10-29,Sports,130.71,CA,2025-10-01
1082,261,2025-07-20,Electronics,600.62,CA,2025-07-01
1083,467,2025-11-05,Clothing,30.96,UK,2025-11-01
1084,492,2025-08-25,Toys,30.49,DE,2025-08-01
1085,350,2025-10-26,Books,31.54,UK,2025-10-01
1086,71,2025-04-11,Furniture,392.13,US,2025-04-01
1087,366,2025-04-20,Clothing,98.61,UK,2025-04-01
1088,145,2025-09-17,Beauty,95,AU,2025-09-01
1089,477,2025-09-10,Clothing,40.75,AU,2025-09-01
1090,256,2025-06-29,Garden,45.8,CA,2025-06-01
1091,98,2025-07-24,Groceries,37.58,DE,2025-07-01
1092,17,2025-03-08,Toys,146.97,DE,2025-03-01
1093,189,2025-04-20,Garden,72.59,CA,2025-04-01
1094,267,2025-10-19,Toys,53.47,CA,2025-10-01
1095,270,2025-05-01,Clothing,70.05,UK,2025-05-01
1096,360,2025-03-10,Books,86.96,CA,2025-03-01
1097,161,2025-07-04,Toys,145.53,IN,2025-07-01
1098,162,2025-07-28,Furniture,964.44,DE,2025-07-01
1099,448,2025-05-25,Electronics,431.73,IN,2025-05-01
1100,138,2025-01-10,Garden,65.86,US,2025-01-01
1101,226,2025-05-12,Clothing,123.02,US,2025-05-01
1102,381,2025-11-10,Sports,214.2,AU,2025-11-01
1103,38,2025-08-26,Books,12.98,US,2025-08-01
1104,205,2025-08-29,Garden,244.01,DE,2025-08-01
1105,268,2025-07-06,Toys,112.14,CA,2025-07-01
1106,291,2025-02-01,Sports,138.34,AU,2025-02-01
1107,104,2025-05-02,Home & Kitchen,310.39,UK,2025-05-01
1108,187,2025-03-10,Beauty,149.58,US,2025-03-01
1109,33,2025-12-21,Sports,85.46,CA,2025-12-01
1110,238,2025-05-18,Beauty,24.13,AU,2025-05-01
1111,427,2025-05-13,Groceries,95.1,AU,2025-05-01
1112,118,2025-01-01,Beauty,84.98,DE,2025-01-01
1113,267,2025-06-27,Toys,99.93,CA,2025-06-01
1114,328,2025-10-30,Garden,187.84,DE,2025-10-01
1115,81,2025-05-26,Electronics,343.03,US,2025-05-01
1116,260,2025-11-26,Garden,86.11,AU,2025-11-01
1117,76,2025-08-28,Garden,260.31,AU,2025-08-01
1118,303,2025-07-26,Home & Kitchen,33.17,CA,2025-07-01
1119,184,2025-12-03,Garden,214.43,UK,2025-12-01
1120,14,2025-03-31,Clothing,169.11,DE,2025-03-01
1121,51,2025-09-20,Electronics,421.78,CA,2025-09-01
1122,155,2025-08-30,Furniture,873.47,IN,2025-08-01
1123,75,2025-09-27,Garden,57.42,CA,2025-09-01
1124,433,2025-10-04,Home & Kitchen,194.88,IN,2025-10-01
1125,413,2025-11-29,Furniture,726.4,AU,2025-11-01
1126,422,2025-08-25,Beauty,111.31,AU,2025-08-01
1127,236,2025-12-17,Groceries,115.15,AU,2025-12-01
1128,275,2025-03-06,Furniture,843.29,US,2025-03-01
1129,277,2025-02-27,Groceries,135.57,CA,2025-02-01
1130,49,2025-07-08,Clothing,117.38,CA,2025-07-01
1131,262,2025-12-07,Electronics,590.01,US,2025-12-01
1132,325,2025-04-01,Furniture,930.66,US,2025-04-01
1133,241,2025-12-23,Toys,53.52,CA,2025-12-01
1134,216,2025-06-11,Electronics,101,CA,2025-06-01
1135,254,2025-11-11,Garden,210.76,US,2025-11-01
1136,144,2025-11-14,Sports,187.97,US,2025-11-01
1137,457,2025-06-15,Garden,114.45,UK,2025-06-01
1138,363,2025-09-12,Books,85.15,DE,2025-09-01
1139,229,2025-07-18,Toys,95.75,DE,2025-07-01
1140,334,2025-10-19,Toys,109.53,DE,2025-10-01
1141,127,2025-09-12,Groceries,143.93,CA,2025-09-01
1142,190,2025-05-16,Sports,68.73,IN,2025-05-01
1143,69,2025-05-22,Furniture,336.26,AU,2025-05-01
1144,491,2025-07-04,Sports,117.33,AU,2025-07-01
1145,120,2025-11-14,Electronics,171.92,UK,2025-11-01
1146,30,2025-01-27,Groceries,142.43,AU,2025-01-01
1147,318,2025-02-24,Beauty,48.14,CA,2025-02-01
1148,429,2025-08-26,Beauty,138.91,UK,2025-08-01
1149,116,2025-02-01,Electronics,384.62,AU,2025-02-01
1150,68,2025-10-07,Groceries,115.77,US,2025-10-01
1151,68,2025-04-13,Garden,213,US,2025-04-01
1152,491,2025-10-21,Garden,199.02,AU,2025-10-01
1153,96,2025-12-07,Groceries,141.11,CA,2025-12-01
1154,92,2025-12-05,Groceries,134.03,CA,2025-12-01
1155,469,2025-01-23,Toys,91.57,DE,2025-01-01
1156,180,2025-01-09,Toys,115.8,CA,2025-01-01
1157,70,2025-02-20,Electronics,716.01,UK,2025-02-01
1158,298,2025-12-17,Groceries,38.31,CA,2025-12-01
1159,276,2025-07-26,Sports,29.39,UK,2025-07-01
1160,251,2025-07-17,Furniture,308.43,US,2025-07-01
1161,465,2025-12-27,Clothing,31.97,AU,2025-12-01
1162,75,2025-12-14,Toys,15.16,CA,2025-12-01
1163,296,2025-12-01,Furniture,181.12,DE,2025-12-01
1164,405,2025-09-17,Groceries,60.52,CA,2025-09-01
1165,229,2025-09-05,Electronics,582.34,DE,2025-09-01
1166,224,2025-06-18,Sports,47.07,US,2025-06-01
1167,58,2025-04-14,Garden,232.74,CA,2025-04-01
1168,83,2025-10-22,Furniture,398.91,US,2025-10-01
1169,299,2025-08-07,Electronics,646.57,DE,2025-08-01
1170,257,2025-03-15,Toys,52.75,CA,2025-03-01
1171,162,2025-05-20,Garden,256.79,DE,2025-05-01
1172,76,2025-04-17,Garden,148.94,AU,2025-04-01
1173,398,2025-07-17,Sports,115.43,IN,2025-07-01
1174,67,2025-05-19,Books,77.95,AU,2025-05-01
1175,304,2025-09-22,Toys,83.11,AU,2025-09-01
1176,20,2025-10-11,Groceries,11.6,US,2025-10-01
1177,256,2025-05-27,Garden,257.48,CA,2025-05-01
1178,90,2025-05-27,Beauty,33.08,DE,2025-05-01
1179,132,2025-01-02,Home & Kitchen,129.59,IN,2025-01-01
1180,4,2025-08-02,Beauty,16.44,UK,2025-08-01
1181,218,2025-08-15,Groceries,44.08,AU,2025-08-01
1182,449,2025-02-16,Sports,217.49,IN,2025-02-01
1183,217,2025-08-25,Sports,216.47,AU,2025-08-01
1184,253,2025-04-28,Groceries,118.27,CA,2025-04-01
1185,81,2025-02-24,Toys,17.6,US,2025-02-01
1186,213,2025-12-14,Garden,177.85,US,2025-12-01
1187,36,2025-04-23,Home & Kitchen,337.47,CA,2025-04-01
1188,145,2025-02-11,Groceries,11.81,AU,2025-02-01
1189,423,2025-04-20,Groceries,85.89,AU,2025-04-01
1190,249,2025-11-07,Books,34.88,IN,2025-11-01
1191,59,2025-10-30,Home & Kitchen,283.96,US,2025-10-01
1192,69,2025-06-12,Books,61,AU,2025-06-01
1193,221,2025-12-01,Clothing,133.51,US,2025-12-01
1194,137,2025-11-01,Garden,268.96,UK,2025-11-01
1195,287,2025-06-26,Clothing,168.77,CA,2025-06-01
1196,198,2025-10-09,Beauty,101.36,CA,2025-10-01
1197,297,2025-04-09,Clothing,172.15,DE,2025-04-01
1198,415,2025-03-05,Groceries,11.35,DE,2025-03-01
1199,35,2025-12-11,Garden,49.64,UK,2025-12-01
1200,73,2025-04-17,Groceries,138.07,IN,2025-04-01
1201,305,2025-03-12,Clothing,66.79,AU,2025-03-01
1202,483,2025-12-17,Furniture,844.36,IN,2025-12-01
1203,251,2025-04-20,Sports,246.38,US,2025-04-01
1204,422,2025-07-21,Garden,204.98,AU,2025-07-01
1205,82,2025-03-30,Garden,284.1,AU,2025-03-01
1206,401,2025-10-01,Toys,120.67,CA,2025-10-01
1207,333,2025-05-27,Clothing,75.98,DE,2025-05-01
1208,364,2025-01-27,Clothing,93.71,AU,2025-01-01
1209,175,2025-03-17,Sports,89.8,IN,2025-03-01
1210,93,2025-12-12,Toys,80.6,DE,2025-12-01
1211,234,2025-03-12,Sports,130.73,US,2025-03-01
1212,309,2025-01-29,Beauty,79.36,AU,2025-01-01
1213,272,2025-05-30,Toys,31.68,US,2025-05-01
1214,481,2025-07-01,Home & Kitchen,211.61,US,2025-07-01
1215,486,2025-06-01,Home & Kitchen,246.16,CA,2025-06-01
1216,143,2025-03-12,Electronics,660.07,IN,2025-03-01
1217,347,2025-02-14,Books,79.94,IN,2025-02-01
1218,150,2025-07-10,Sports,52.82,DE,2025-07-01
1219,136,2025-08-21,Sports,126.1,AU,2025-08-01
1220,321,2025-03-26,Books,19.92,DE,2025-03-01
1221,454,2025-08-30,Books,19.78,DE,2025-08-01
1222,497,2025-06-04,Groceries,97.99,CA,2025-06-01
1223,214,2025-07-12,Furniture,127.75,US,2025-07-01
1224,198,2025-10-12,Toys,117.86,CA,2025-10-01
1225,261,2025-10-04,Toys,69.79,CA,2025-10-01
1226,474,2025-12-21,Home & Kitchen,193.46,UK,2025-12-01
1227,9,2025-10-06,Furniture,514.93,IN,2025-10-01
1228,287,2025-07-07,Furniture,497.32,CA,2025-07-01
1229,490,2025-06-23,Beauty,123.78,AU,2025-06-01
1230,67,2025-11-07,Garden,32.29,AU,2025-11-01
1231,425,2025-08-08,Beauty,103.04,UK,2025-08-01
1232,32,2025-10-03,Books,42.06,DE,2025-10-01
1233,309,2025-02-19,Home & Kitchen,85,AU,2025-02-01
1234,23,2025-09-09,Garden,280.92,DE,2025-09-01
1235,82,2025-04-06,Books,43.86,AU,2025-04-01
1236,470,2025-09-20,Beauty,138.16,CA,2025-09-01
1237,314,2025-07-22,Electronics,675.69,CA,2025-07-01
1238,407,2025-05-05,Home & Kitchen,128.27,UK,2025-05-01
1239,115,2025-07-04,Books,79.13,DE,2025-07-01
1240,281,2025-11-29,Toys,139.45,UK,2025-11-01
1241,294,2025-07-25,Home & Kitchen,105.75,IN,2025-07-01
1242,30,2025-10-12,Home & Kitchen,79.5,AU,2025-10-01
1243,166,2025-12-01,Garden,193.72,CA,2025-12-01
1244,488,2025-05-02,Home & Kitchen,49.06,IN,2025-05-01
1245,132,2025-03-12,Electronics,240.03,IN,2025-03-01
1246,209,2025-03-04,Clothing,53.35,US,2025-03-01
1247,372,2025-07-27,Garden,195.41,US,2025-07-01
1248,70,2025-06-11,Beauty,56.86,UK,2025-06-01
1249,154,2025-11-18,Beauty,139.21,IN,2025-11-01
1250,39,2025-04-11,Garden,66.3,UK,2025-04-01
1251,352,2025-10-07,Furniture,441.51,UK,2025-10-01
1252,411,2025-03-27,Groceries,116.2,US,2025-03-01
1253,126,2025-01-21,Books,17.17,AU,2025-01-01
1254,231,2025-04-02,Home & Kitchen,148.06,IN,2025-04-01
1255,446,2025-05-14,Electronics,755.53,UK,2025-05-01
1256,331,2025-08-24,Groceries,15.59,UK,2025-08-01
1257,149,2025-05-24,Electronics,137.46,AU,2025-05-01
1258,353,2025-10-01,Furniture,629.05,DE,2025-10-01
1259,115,2025-12-01,Sports,43.16,DE,2025-12-01
1260,328,2025-01-23,Clothing,56.09,DE,2025-01-01
1261,17,2025-04-15,Electronics,684.87,DE,2025-04-01
1262,380,2025-05-12,Toys,75.24,CA,2025-05-01
1263,350,2025-11-04,Home & Kitchen,25.19,UK,2025-11-01
1264,334,2025-06-09,Clothing,83.59,DE,2025-06-01
1265,408,2025-04-21,Electronics,229.18,AU,2025-04-01
1266,135,2025-08-04,Electronics,301.03,US,2025-08-01
1267,195,2025-07-02,Groceries,110.08,US,2025-07-01
1268,417,2025-02-15,Toys,137.35,DE,2025-02-01
1269,216,2025-03-15,Electronics,758.4,CA,2025-03-01
1270,207,2025-07-03,Furniture,116.08,IN,2025-07-01
1271,475,2025-11-23,Electronics,151.35,CA,2025-11-01
1272,280,2025-01-04,Beauty,54.09,UK,2025-01-01
1273,87,2025-03-28,Home & Kitchen,169.53,US,2025-03-01
1274,377,2025-07-12,Beauty,20.41,UK,2025-07-01
1275,46,2025-08-24,Electronics,252.56,US,2025-08-01
1276,27,2025-01-14,Furniture,756.82,AU,2025-01-01
1277,396,2025-02-22,Books,26.54,UK,2025-02-01
1278,49,2025-09-13,Clothing,66.19,CA,2025-09-01
1279,136,2025-08-14,Electronics,295.21,AU,2025-08-01
1280,225,2025-09-25,Clothing,44.22,UK,2025-09-01
1281,342,2025-12-09,Furniture,666.45,CA,2025-12-01
1282,98,2025-04-29,Furniture,901.32,DE,2025-04-01
1283,389,2025-02-22,Clothing,80.81,DE,2025-02-01
1284,378,2025-02-24,Sports,50.85,IN,2025-02-01
1285,77,2025-11-17,Books,52.84,DE,2025-11-01
1286,211,2025-02-05,Groceries,97.5,IN,2025-02-01
1287,95,2025-02-13,Garden,163.48,UK,2025-02-01
1288,410,2025-05-25,Books,74.51,UK,2025-05-01
1289,20,2025-10-04,Furniture,567.38,US,2025-10-01
1290,157,2025-10-26,Clothing,108.71,AU,2025-10-01
1291,184,2025-12-03,Toys,81.54,UK,2025-12-01
1292,246,2025-03-24,Toys,41.31,AU,2025-03-01
1293,137,2025-10-22,Toys,34.66,UK,2025-10-01
1294,208,2025-11-02,Home & Kitchen,66.5,UK,2025-11-01
1295,213,2025-11-25,Furniture,957.21,US,2025-11-01
1296,225,2025-05-28,Home & Kitchen,104.72,UK,2025-05-01
1297,255,2025-10-17,Furniture,662.82,US,2025-10-01
1298,49,2025-08-01,Furniture,554.43,CA,2025-08-01
1299,434,2025-07-15,Groceries,17.91,US,2025-07-01
1300,42,2025-03-10,Electronics,63.73,CA,2025-03-01
1301,457,2025-10-02,Beauty,121.13,UK,2025-10-01
1302,139,2025-09-27,Electronics,559.79,UK,2025-09-01
1303,65,2025-06-19,Garden,155.52,DE,2025-06-01
1304,354,2025-03-28,Furniture,133.15,UK,2025-03-01
1305,203,2025-03-28,Home & Kitchen,192.78,CA,2025-03-01
1306,473,2025-07-09,Beauty,98.18,DE,2025-07-01
1307,113,2025-02-22,Home & Kitchen,81.66,DE,2025-02-01
1308,318,2025-07-08,Sports,49.54,CA,2025-07-01
1309,462,2025-11-23,Toys,149.8,AU,2025-11-01
1310,242,2025-08-10,Furniture,531.13,US,2025-08-01
1311,223,2025-02-08,Electronics,783.64,UK,2025-02-01
1312,14,2025-01-23,Garden,240.4,DE,2025-01-01
1313,468,2025-02-23,Furniture,860.54,UK,2025-02-01
1314,232,2025-06-10,Clothing,40.61,CA,2025-06-01
1315,344,2025-04-06,Beauty,13.53,AU,2025-04-01
1316,37,2025-07-12,Groceries,105.74,US,2025-07-01
1317,361,2025-02-24,Furniture,453.1,CA,2025-02-01
1318,93,2025-02-22,Clothing,72.06,DE,2025-02-01
1319,138,2025-03-07,Garden,236.56,US,2025-03-01
1320,49,2025-12-11,Electronics,406.24,CA,2025-12-01
1321,52,2025-10-13,Furniture,807.34,UK,2025-10-01
1322,455,2025-11-12,Electronics,616.32,AU,2025-11-01
1323,150,2025-04-05,Groceries,79.75,DE,2025-04-01
1324,172,2025-11-04,Clothing,36.83,US,2025-11-01
1325,255,2025-04-04,Groceries,62.76,US,2025-04-01
1326,480,2025-05-26,Beauty,35.9,IN,2025-05-01
1327,267,2025-02-18,Toys,39.96,CA,2025-02-01
1328,274,2025-07-11,Beauty,13.94,UK,2025-07-01
1329,127,2025-11-23,Toys,144.58,CA,2025-11-01
1330,140,2025-05-25,Home & Kitchen,137.47,CA,2025-05-01
1331,199,2025-06-08,Sports,238.2,DE,2025-06-01
1332,387,2025-09-25,Clothing,190.07,US,2025-09-01
1333,443,2025-02-24,Home & Kitchen,95.08,AU,2025-02-01
1334,174,2025-06-19,Garden,267.57,UK,2025-06-01
1335,338,2025-02-24,Garden,57.74,AU,2025-02-01
1336,191,2025-08-02,Home & Kitchen,132.7,UK,2025-08-01
1337,368,2025-11-09,Sports,20.44,IN,2025-11-01
1338,305,2025-02-06,Furniture,185.54,AU,2025-02-01
1339,326,2025-01-21,Books,63.77,IN,2025-01-01
1340,30,2025-09-05,Sports,85.1,AU,2025-09-01
1341,198,2025-04-23,Garden,254.13,CA,2025-04-01
1342,292,2025-02-19,Groceries,49.55,IN,2025-02-01
1343,181,2025-03-01,Sports,96.35,US,2025-03-01
1344,157,2025-01-24,Garden,144.45,AU,2025-01-01
1345,293,2025-09-17,Sports,202.93,DE,2025-09-01
1346,189,2025-09-09,Beauty,68.5,CA,2025-09-01
1347,366,2025-02-11,Home & Kitchen,219.25,UK,2025-02-01
1348,426,2025-05-20,Groceries,106.54,DE,2025-05-01
1349,488,2025-10-23,Home & Kitchen,124.06,IN,2025-10-01
1350,182,2025-11-10,Electronics,177.95,UK,2025-11-01
1351,426,2025-07-06,Toys,128.5,DE,2025-07-01
1352,183,2025-06-18,Groceries,117.65,US,2025-06-01
1353,446,2025-06-12,Garden,298.01,UK,2025-06-01
1354,46,2025-03-27,Sports,157.73,US,2025-03-01
1355,413,2025-01-21,Garden,51.92,AU,2025-01-01
1356,495,2025-07-28,Garden,121.94,DE,2025-07-01
1357,51,2025-11-04,Furniture,975.55,CA,2025-11-01
1358,32,2025-11-28,Home & Kitchen,260.53,DE,2025-11-01
1359,385,2025-07-22,Sports,213.44,DE,2025-07-01
1360,162,2025-01-23,Groceries,44.14,DE,2025-01-01
1361,207,2025-10-14,Groceries,57.45,IN,2025-10-01
1362,266,2025-05-25,Home & Kitchen,125.14,IN,2025-05-01
1363,325,2025-10-13,Groceries,60.62,US,2025-10-01
1364,261,2025-11-25,Home & Kitchen,223.63,CA,2025-11-01
1365,183,2025-12-02,Furniture,477.52,US,2025-12-01
1366,465,2025-04-01,Home & Kitchen,116.74,AU,2025-04-01
1367,241,2025-04-02,Clothing,59.61,CA,2025-04-01
1368,122,2025-12-12,Electronics,377.16,AU,2025-12-01
1369,114,2025-05-08,Beauty,31.69,AU,2025-05-01
1370,130,2025-05-01,Toys,135.15,IN,2025-05-01
1371,411,2025-06-10,Home & Kitchen,170.33,US,2025-06-01
1372,255,2025-11-26,Electronics,343.31,US,2025-11-01
1373,318,2025-02-27,Garden,40.72,CA,2025-02-01
1374,139,2025-10-22,Furniture,781.72,UK,2025-10-01
1375,320,2025-02-13,Toys,109.9,US,2025-02-01
1376,101,2025-06-05,Home & Kitchen,304.93,UK,2025-06-01
1377,81,2025-05-27,Furniture,655.58,US,2025-05-01
1378,447,2025-03-08,Groceries,78.2,CA,2025-03-01
1379,238,2025-02-13,Beauty,61.96,AU,2025-02-01
1380,99,2025-06-10,Toys,67.26,UK,2025-06-01
1381,426,2025-09-15,Beauty,123.38,DE,2025-09-01
1382,397,2025-10-29,Groceries,49.04,US,2025-10-01
1383,448,2025-09-20,Books,79.32,IN,2025-09-01
1384,185,2025-07-28,Garden,175.69,CA,2025-07-01
1385,350,2025-04-19,Home & Kitchen,104.88,UK,2025-04-01
1386,287,2025-05-27,Beauty,20.94,CA,2025-05-01
1387,51,2025-04-07,Groceries,60.72,CA,2025-04-01
1388,226,2025-09-18,Clothing,124.86,US,2025-09-01
1389,380,2025-01-02,Beauty,118.59,CA,2025-01-01
1390,17,2025-11-10,Books,16.36,DE,2025-11-01
1391,457,2025-10-22,Furniture,383.17,UK,2025-10-01
1392,115,2025-12-08,Garden,122.05,DE,2025-12-01
1393,434,2025-07-28,Home & Kitchen,250.3,US,2025-07-01
1394,329,2025-08-25,Sports,116.35,AU,2025-08-01
1395,318,2025-11-04,Books,10.12,CA,2025-11-01
1396,122,2025-07-08,Garden,114.03,AU,2025-07-01
1397,187,2025-05-03,Toys,111.3,US,2025-05-01
1398,186,2025-11-15,Clothing,56.42,CA,2025-11-01
1399,86,2025-03-05,Clothing,50.19,IN,2025-03-01
1400,494,2025-10-17,Home & Kitchen,327.03,DE,2025-10-01
1401,431,2025-03-09,Furniture,562.83,AU,2025-03-01
1402,32,2025-03-13,Garden,295.12,DE,2025-03-01
1403,102,2025-06-18,Clothing,134.15,IN,2025-06-01
1404,104,2025-07-19,Sports,40.7,UK,2025-07-01
1405,124,2025-10-22,Clothing,25.12,UK,2025-10-01
1406,500,2025-02-09,Books,49.2,IN,2025-02-01
1407,450,2025-12-08,Toys,101.46,AU,2025-12-01
1408,129,2025-02-22,Books,45.82,IN,2025-02-01
1409,402,2025-08-31,Electronics,247.83,DE,2025-08-01
1410,71,2025-03-29,Toys,55.1,US,2025-03-01
1411,347,2025-07-04,Books,55.82,IN,2025-07-01
1412,71,2025-05-19,Home & Kitchen,254.41,US,2025-05-01
1413,36,2025-06-04,Sports,156.6,CA,2025-06-01
1414,325,2025-12-29,Groceries,65.38,US,2025-12-01
1415,75,2025-06-15,Toys,34.22,CA,2025-06-01
1416,383,2025-12-22,Garden,172.36,DE,2025-12-01
1417,283,2025-09-14,Home & Kitchen,33.66,IN,2025-09-01
1418,479,2025-08-15,Beauty,82.93,AU,2025-08-01
1419,42,2025-07-22,Toys,40.64,CA,2025-07-01
1420,75,2025-10-01,Sports,81.39,CA,2025-10-01
1421,412,2025-09-21,Furniture,342.31,DE,2025-09-01
1422,33,2025-02-17,Books,14.04,CA,2025-02-01
1423,379,2025-04-10,Toys,68.98,DE,2025-04-01
1424,106,2025-02-03,Groceries,124.21,IN,2025-02-01
1425,32,2025-05-26,Furniture,928.27,DE,2025-05-01
1426,249,2025-08-20,Clothing,107.85,IN,2025-08-01
1427,343,2025-04-06,Books,28.93,IN,2025-04-01
1428,85,2025-09-07,Clothing,120.14,AU,2025-09-01
1429,300,2025-04-27,Garden,247.16,UK,2025-04-01
1430,487,2025-05-02,Electronics,637.87,DE,2025-05-01
1431,190,2025-04-03,Electronics,363.37,IN,2025-04-01
1432,421,2025-06-21,Garden,159.65,DE,2025-06-01
1433,96,2025-12-24,Furniture,106.08,CA,2025-12-01
1434,498,2025-09-28,Clothing,27.1,AU,2025-09-01
1435,40,2025-05-08,Home & Kitchen,127.22,DE,2025-05-01
1436,79,2025-01-21,Garden,196,IN,2025-01-01
1437,224,2025-07-24,Sports,213.26,US,2025-07-01
1438,199,2025-08-07,Groceries,9.57,DE,2025-08-01
1439,270,2025-08-18,Beauty,121.33,UK,2025-08-01
1440,362,2025-10-06,Garden,243.86,AU,2025-10-01
1441,440,2025-11-13,Home & Kitchen,233.12,US,2025-11-01
1442,304,2025-05-24,Books,88.21,AU,2025-05-01
1443,89,2025-02-04,Books,81.34,AU,2025-02-01
1444,259,2025-02-20,Groceries,122.67,UK,2025-02-01
1445,374,2025-10-24,Groceries,110.65,CA,2025-10-01
1446,279,2025-04-21,Beauty,143.19,DE,2025-04-01
1447,75,2025-02-07,Groceries,47.53,CA,2025-02-01
1448,317,2025-03-14,Furniture,159.39,CA,2025-03-01
1449,123,2025-04-28,Groceries,136.22,DE,2025-04-01
1450,351,2025-08-28,Home & Kitchen,109.16,US,2025-08-01
1451,318,2025-09-01,Sports,138.74,CA,2025-09-01
1452,195,2025-05-27,Beauty,58.39,US,2025-05-01
1453,392,2025-08-16,Electronics,345.05,CA,2025-08-01
1454,255,2025-12-16,Toys,83.98,US,2025-12-01
1455,188,2025-02-14,Home & Kitchen,227.02,UK,2025-02-01
1456,475,2025-12-14,Toys,53.57,CA,2025-12-01
1457,347,2025-08-19,Groceries,136.65,IN,2025-08-01
1458,49,2025-09-09,Home & Kitchen,183.4,CA,2025-09-01
1459,345,2025-09-09,Books,53.16,IN,2025-09-01
1460,284,2025-07-22,Garden,149.62,US,2025-07-01
1461,412,2025-08-03,Groceries,31.63,DE,2025-08-01
1462,374,2025-08-30,Sports,85.08,CA,2025-08-01
1463,205,2025-06-13,Clothing,156.45,DE,2025-06-01
1464,463,2025-11-12,Toys,52.53,IN,2025-11-01
1465,300,2025-08-27,Books,35.46,UK,2025-08-01
1466,233,2025-08-28,Groceries,5.62,UK,2025-08-01
1467,435,2025-09-23,Home & Kitchen,240.28,US,2025-09-01
1468,307,2025-08-23,Garden,213.04,IN,2025-08-01
1469,31,2025-02-21,Groceries,12.24,US,2025-02-01
1470,230,2025-12-10,Books,51.57,CA,2025-12-01
1471,333,2025-11-03,Books,97.21,DE,2025-11-01
1472,425,2025-06-10,Books,63.28,UK,2025-06-01
1473,75,2025-07-16,Clothing,45.5,CA,2025-07-01
1474,185,2025-09-29,Sports,248.04,CA,2025-09-01
1475,46,2025-02-03,Sports,209.12,US,2025-02-01
1476,307,2025-02-23,Clothing,120.22,IN,2025-02-01
1477,60,2025-07-06,Groceries,27.97,UK,2025-07-01
1478,318,2025-01-20,Groceries,43,CA,2025-01-01
1479,373,2025-11-21,Toys,139.29,IN,2025-11-01
1480,311,2025-10-31,Electronics,608.72,IN,2025-10-01
1481,114,2025-09-25,Clothing,67.77,AU,2025-09-01
1482,278,2025-11-07,Clothing,125.59,US,2025-11-01
1483,408,2025-10-13,Garden,153.32,AU,2025-10-01
1484,245,2025-10-30,Garden,46.87,US,2025-10-01
1485,493,2025-09-14,Beauty,95.27,UK,2025-09-01
1486,12,2025-11-24,Sports,143.44,US,2025-11-01
1487,371,2025-11-26,Sports,115.09,IN,2025-11-01
1488,44,2025-05-15,Electronics,161.83,DE,2025-05-01
1489,474,2025-09-03,Furniture,124.76,UK,2025-09-01
1490,404,2025-12-16,Clothing,107.22,UK,2025-12-01
1491,356,2025-07-26,Electronics,113.34,US,2025-07-01
1492,317,2025-09-18,Groceries,112.81,CA,2025-09-01
1493,220,2025-12-11,Groceries,110.53,DE,2025-12-01
1494,379,2025-07-30,Sports,103.02,DE,2025-07-01
1495,464,2025-01-07,Beauty,124.04,AU,2025-01-01
1496,177,2025-04-18,Beauty,26.52,CA,2025-04-01
1497,172,2025-08-27,Groceries,124.58,US,2025-08-01
1498,322,2025-11-20,Garden,61.33,IN,2025-11-01
1499,165,2025-12-23,Furniture,703.75,CA,2025-12-01
1500,275,2025-03-21,Books,69.76,US,2025-03-01
1501,77,2025-02-10,Groceries,118.06,DE,2025-02-01
1502,103,2025-11-05,Toys,72.61,UK,2025-11-01
1503,94,2025-07-29,Clothing,105.24,AU,2025-07-01
1504,56,2025-11-20,Furniture,978.91,US,2025-11-01
1505,389,2025-02-14,Home & Kitchen,73.34,DE,2025-02-01
1506,455,2025-01-16,Sports,88.04,AU,2025-01-01
1507,144,2025-02-14,Toys,146.45,US,2025-02-01
1508,108,2025-12-21,Groceries,24.13,AU,2025-12-01
1509,491,2025-08-12,Books,30.32,AU,2025-08-01
1510,467,2025-09-19,Home & Kitchen,345.89,UK,2025-09-01
1511,102,2025-09-30,Sports,104.54,IN,2025-09-01
1512,56,2025-04-25,Books,74.54,US,2025-04-01
1513,26,2025-11-06,Home & Kitchen,85.26,US,2025-11-01
1514,492,2025-04-05,Sports,27.61,DE,2025-04-01
1515,173,2025-05-31,Clothing,129.02,IN,2025-05-01
1516,294,2025-01-30,Beauty,39.29,IN,2025-01-01
1517,10,2025-03-25,Sports,127.83,AU,2025-03-01
1518,424,2025-12-07,Garden,299.83,IN,2025-12-01
1519,10,2025-08-20,Electronics,784.38,AU,2025-08-01
1520,38,2025-07-14,Home & Kitchen,232.56,US,2025-07-01
1521,219,2025-10-25,Home & Kitchen,112.93,AU,2025-10-01
1522,307,2025-02-19,Home & Kitchen,111.42,IN,2025-02-01
1523,413,2025-09-01,Books,47.5,AU,2025-09-01
1524,478,2025-10-09,Clothing,40.11,IN,2025-10-01
1525,215,2025-07-16,Clothing,32.69,US,2025-07-01
1526,497,2025-12-10,Electronics,640.58,CA,2025-12-01
1527,310,2025-10-30,Garden,81.34,UK,2025-10-01
1528,341,2025-07-26,Furniture,769,UK,2025-07-01
1529,322,2025-07-10,Groceries,88.16,IN,2025-07-01
1530,215,2025-11-21,Electronics,601.95,US,2025-11-01
1531,448,2025-05-25,Garden,93.87,IN,2025-05-01
1532,403,2025-09-03,Toys,23.98,IN,2025-09-01
1533,147,2025-03-11,Garden,102.53,IN,2025-03-01
1534,372,2025-10-12,Groceries,29.77,US,2025-10-01
1535,333,2025-11-14,Furniture,211.48,DE,2025-11-01
1536,33,2025-10-13,Home & Kitchen,201.02,CA,2025-10-01
1537,294,2025-07-16,Sports,113.76,IN,2025-07-01
1538,64,2025-01-14,Beauty,101.4,AU,2025-01-01
1539,165,2025-07-05,Garden,142.96,CA,2025-07-01
1540,498,2025-07-26,Books,66.09,AU,2025-07-01
1541,199,2025-07-23,Clothing,65.44,DE,2025-07-01
1542,26,2025-05-29,Books,52.44,US,2025-05-01
1543,465,2025-09-03,Sports,182.26,AU,2025-09-01
1544,175,2025-11-22,Groceries,149.88,IN,2025-11-01
1545,229,2025-04-12,Clothing,141.56,DE,2025-04-01
1546,293,2025-07-27,Books,33.65,DE,2025-07-01
1547,32,2025-06-02,Garden,47.64,DE,2025-06-01
1548,123,2025-08-27,Electronics,677.19,DE,2025-08-01
1549,45,2025-11-15,Electronics,646.8,AU,2025-11-01
1550,296,2025-10-10,Beauty,14.32,DE,2025-10-01
1551,243,2025-09-23,Garden,274.29,IN,2025-09-01
1552,353,2025-11-03,Electronics,224.07,DE,2025-11-01
1553,36,2025-06-05,Garden,123.03,CA,2025-06-01
1554,184,2025-08-20,Books,76.73,UK,2025-08-01
1555,50,2025-05-11,Toys,74.31,IN,2025-05-01
1556,68,2025-11-20,Toys,71.02,US,2025-11-01
1557,40,2025-01-07,Clothing,37.3,DE,2025-01-01
1558,284,2025-09-07,Electronics,520.61,US,2025-09-01
1559,440,2025-11-26,Furniture,794.04,US,2025-11-01
1560,341,2025-07-01,Books,66.61,UK,2025-07-01
1561,310,2025-03-04,Garden,184.13,UK,2025-03-01
1562,55,2025-08-27,Garden,271.3,DE,2025-08-01
1563,121,2025-02-04,Garden,29.5,AU,2025-02-01
1564,471,2025-11-18,Furniture,798.65,US,2025-11-01
1565,164,2025-05-30,Furniture,360.95,AU,2025-05-01
1566,466,2025-04-20,Books,66.4,AU,2025-04-01
1567,302,2025-10-20,Clothing,132.68,US,2025-10-01
1568,412,2025-01-01,Toys,92,DE,2025-01-01
1569,351,2025-10-26,Beauty,110.85,US,2025-10-01
1570,12,2025-06-09,Furniture,249.25,US,2025-06-01
1571,11,2025-06-13,Electronics,398.39,AU,2025-06-01
1572,216,2025-05-06,Garden,153.3,CA,2025-05-01
1573,30,2025-04-17,Groceries,92.91,AU,2025-04-01
1574,395,2025-12-31,Groceries,135.31,IN,2025-12-01
1575,254,2025-03-04,Groceries,138.68,US,2025-03-01
1576,216,2025-09-27,Garden,233.6,CA,2025-09-01
1577,273,2025-03-08,Clothing,129.76,US,2025-03-01
1578,407,2025-08-30,Sports,247.85,UK,2025-08-01
1579,482,2025-02-21,Furniture,122.45,DE,2025-02-01
1580,74,2025-11-05,Groceries,68.49,CA,2025-11-01
1581,310,2025-02-10,Sports,101.46,UK,2025-02-01
1582,388,2025-03-05,Clothing,50.34,US,2025-03-01
1583,70,2025-10-03,Beauty,72.2,UK,2025-10-01
1584,202,2025-03-10,Clothing,187.32,AU,2025-03-01
1585,211,2025-07-14,Home & Kitchen,65.25,IN,2025-07-01
1586,102,2025-11-20,Garden,209.98,IN,2025-11-01
1587,251,2025-10-01,Sports,144.75,US,2025-10-01
1588,169,2025-03-11,Furniture,980.88,CA,2025-03-01
1589,92,2025-07-12,Sports,36.64,CA,2025-07-01
1590,124,2025-12-06,Books,41.44,UK,2025-12-01
1591,376,2025-06-27,Electronics,181.42,UK,2025-06-01
1592,48,2025-03-14,Beauty,76.73,CA,2025-03-01
1593,237,2025-12-06,Garden,155.25,UK,2025-12-01
1594,329,2025-04-06,Beauty,76.42,AU,2025-04-01
1595,255,2025-05-01,Furniture,753.87,US,2025-05-01
1596,263,2025-05-01,Toys,91.16,US,2025-05-01
1597,179,2025-06-23,Clothing,126.68,CA,2025-06-01
1598,408,2025-02-10,Beauty,106.27,AU,2025-02-01
1599,490,2025-06-04,Toys,139.57,AU,2025-06-01
1600,338,2025-07-26,Beauty,36.28,AU,2025-07-01
1601,344,2025-03-26,Garden,40.52,AU,2025-03-01
1602,328,2025-05-11,Electronics,568.64,DE,2025-05-01
1603,192,2025-12-21,Electronics,790.06,AU,2025-12-01
1604,316,2025-03-31,Garden,187.44,DE,2025-03-01
1605,16,2025-03-11,Books,80.09,DE,2025-03-01
1606,380,2025-12-17,Home & Kitchen,146.31,CA,2025-12-01
1607,47,2025-05-13,Home & Kitchen,97.22,UK,2025-05-01
1608,466,2025-01-14,Clothing,89.64,AU,2025-01-01
1609,413,2025-04-22,Garden,289.63,AU,2025-04-01
1610,61,2025-06-02,Books,46.68,IN,2025-06-01
1611,497,2025-02-04,Clothing,141.25,CA,2025-02-01
1612,318,2025-08-11,Home & Kitchen,101.54,CA,2025-08-01
1613,153,2025-05-27,Books,85.94,CA,2025-05-01
1614,208,2025-08-11,Groceries,108.57,UK,2025-08-01
1615,325,2025-07-30,Clothing,174.83,US,2025-07-01
1616,279,2025-06-02,Beauty,18.97,DE,2025-06-01
1617,67,2025-09-09,Garden,143.05,AU,2025-09-01
1618,70,2025-12-31,Groceries,66.6,UK,2025-12-01
1619,473,2025-05-31,Garden,50.37,DE,2025-05-01
1620,403,2025-10-08,Toys,135.99,IN,2025-10-01
1621,11,2025-03-11,Home & Kitchen,262.31,AU,2025-03-01
1622,235,2025-07-27,Beauty,80.17,IN,2025-07-01
1623,396,2025-01-23,Toys,90.6,UK,2025-01-01
1624,225,2025-09-20,Groceries,19.57,UK,2025-09-01
1625,190,2025-01-09,Books,75.63,IN,2025-01-01
1626,328,2025-03-19,Home & Kitchen,150.86,DE,2025-03-01
1627,71,2025-02-02,Electronics,276.44,US,2025-02-01
1628,79,2025-11-04,Books,49.76,IN,2025-11-01
1629,485,2025-03-25,Home & Kitchen,73.4,US,2025-03-01
1630,99,2025-01-03,Home & Kitchen,182.97,UK,2025-01-01
1631,7,2025-06-17,Clothing,177.24,DE,2025-06-01
1632,256,2025-08-31,Electronics,116.88,CA,2025-08-01
1633,13,2025-11-02,Beauty,119.12,UK,2025-11-01
1634,340,2025-07-13,Furniture,535.28,UK,2025-07-01
1635,201,2025-02-05,Electronics,646.41,CA,2025-02-01
1636,245,2025-12-07,Electronics,237.19,US,2025-12-01
1637,396,2025-03-27,Sports,67.17,UK,2025-03-01
1638,462,2025-08-24,Garden,94.52,AU,2025-08-01
1639,249,2025-06-01,Toys,15.57,IN,2025-06-01
1640,359,2025-11-11,Toys,63.28,DE,2025-11-01
1641,220,2025-06-24,Clothing,32.01,DE,2025-06-01
1642,73,2025-05-07,Electronics,138.56,IN,2025-05-01
1643,224,2025-08-09,Books,79.33,US,2025-08-01
1644,249,2025-03-24,Sports,58.29,IN,2025-03-01
1645,247,2025-08-09,Books,54.19,US,2025-08-01
1646,420,2025-10-28,Beauty,110.94,IN,2025-10-01
1647,211,2025-06-02,Groceries,6.11,IN,2025-06-01
1648,489,2025-10-17,Garden,165.63,UK,2025-10-01
1649,34,2025-09-18,Home & Kitchen,116.29,IN,2025-09-01
1650,189,2025-12-03,Garden,192.28,CA,2025-12-01
1651,184,2025-12-12,Books,83.77,UK,2025-12-01
1652,369,2025-01-06,Toys,38.07,UK,2025-01-01
1653,332,2025-04-16,Books,54.81,AU,2025-04-01
1654,398,2025-09-08,Groceries,49.06,IN,2025-09-01
1655,330,2025-07-10,Beauty,35.89,US,2025-07-01
1656,487,2025-06-24,Books,25.07,DE,2025-06-01
1657,16,2025-03-19,Books,34.13,DE,2025-03-01
1658,98,2025-06-15,Clothing,143.34,DE,2025-06-01
1659,74,2025-11-26,Toys,82.56,CA,2025-11-01
1660,243,2025-06-16,Toys,56.34,IN,2025-06-01
1661,194,2025-07-22,Groceries,119.2,DE,2025-07-01
1662,149,2025-07-11,Home & Kitchen,217.44,AU,2025-07-01
1663,136,2025-01-10,Groceries,58.19,AU,2025-01-01
1664,289,2025-06-21,Garden,46.79,UK,2025-06-01
1665,353,2025-05-05,Sports,44.99,DE,2025-05-01
1666,207,2025-03-12,Beauty,123.47,IN,2025-03-01
1667,344,2025-11-19,Garden,71.83,AU,2025-11-01
1668,402,2025-07-26,Groceries,102.35,DE,2025-07-01
1669,376,2025-06-20,Sports,187.77,UK,2025-06-01
1670,483,2025-05-30,Sports,154.66,IN,2025-05-01
1671,16,2025-11-09,Beauty,35.6,DE,2025-11-01
1672,260,2025-12-20,Furniture,811.18,AU,2025-12-01
1673,167,2025-06-08,Toys,108.8,UK,2025-06-01
1674,98,2025-04-05,Clothing,75.25,DE,2025-04-01
1675,446,2025-04-17,Furniture,468.36,UK,2025-04-01
1676,494,2025-09-24,Groceries,93.85,DE,2025-09-01
1677,348,2025-07-22,Garden,163.17,AU,2025-07-01
1678,420,2025-01-27,Garden,266.22,IN,2025-01-01
1679,497,2025-08-16,Garden,212.97,CA,2025-08-01
1680,211,2025-05-11,Clothing,111.81,IN,2025-05-01
1681,151,2025-05-22,Sports,144.53,IN,2025-05-01
1682,456,2025-08-30,Sports,197.78,CA,2025-08-01
1683,147,2025-06-26,Garden,116.83,IN,2025-06-01
1684,327,2025-12-20,Garden,261.48,AU,2025-12-01
1685,204,2025-01-15,Electronics,189.04,DE,2025-01-01
1686,450,2025-07-14,Beauty,25.06,AU,2025-07-01
1687,402,2025-01-30,Clothing,85.8,DE,2025-01-01
1688,313,2025-10-10,Clothing,102.82,IN,2025-10-01
1689,176,2025-01-16,Furniture,190.14,CA,2025-01-01
1690,378,2025-09-20,Sports,71.78,IN,2025-09-01
1691,23,2025-10-07,Toys,64.55,DE,2025-10-01
1692,369,2025-05-30,Groceries,76.56,UK,2025-05-01
1693,139,2025-07-11,Home & Kitchen,323.68,UK,2025-07-01
1694,386,2025-11-22,Garden,73.22,AU,2025-11-01
1695,46,2025-02-14,Groceries,51.06,US,2025-02-01
1696,89,2025-10-08,Garden,105.73,AU,2025-10-01
1697,89,2025-03-24,Furniture,938.91,AU,2025-03-01
1698,273,2025-09-26,Home & Kitchen,53.21,US,2025-09-01
1699,278,2025-01-12,Electronics,743.82,US,2025-01-01
1700,205,2025-08-17,Clothing,42.71,DE,2025-08-01
1701,342,2025-04-22,Books,19.85,CA,2025-04-01
1702,281,2025-11-28,Garden,197.92,UK,2025-11-01
1703,439,2025-04-13,Groceries,134.93,CA,2025-04-01
1704,457,2025-04-29,Electronics,738.2,UK,2025-04-01
1705,495,2025-06-08,Toys,87.36,DE,2025-06-01
1706,316,2025-07-01,Beauty,97.7,DE,2025-07-01
1707,419,2025-08-21,Furniture,216.94,IN,2025-08-01
1708,216,2025-09-10,Books,89,CA,2025-09-01
1709,122,2025-01-10,Beauty,78.37,AU,2025-01-01
1710,102,2025-01-07,Beauty,115.13,IN,2025-01-01
1711,426,2025-07-29,Toys,18.12,DE,2025-07-01
1712,460,2025-11-30,Beauty,67.74,US,2025-11-01
1713,271,2025-06-29,Clothing,50.1,CA,2025-06-01
1714,233,2025-03-30,Home & Kitchen,327.98,UK,2025-03-01
1715,143,2025-06-20,Toys,27.56,IN,2025-06-01
1716,36,2025-03-08,Toys,131.01,CA,2025-03-01
1717,25,2025-12-14,Toys,70.64,UK,2025-12-01
1718,425,2025-01-17,Electronics,613.7,UK,2025-01-01
1719,5,2025-05-17,Electronics,284.94,UK,2025-05-01
1720,462,2025-05-21,Clothing,141.69,AU,2025-05-01
1721,81,2025-07-20,Beauty,82.81,US,2025-07-01
1722,386,2025-06-18,Groceries,137.52,AU,2025-06-01
1723,51,2025-03-21,Clothing,20.59,CA,2025-03-01
1724,357,2025-11-28,Sports,112.7,IN,2025-11-01
1725,256,2025-08-13,Garden,99.62,CA,2025-08-01
1726,88,2025-11-21,Garden,118.04,AU,2025-11-01
1727,75,2025-05-05,Clothing,121.69,CA,2025-05-01
1728,417,2025-12-04,Sports,20.83,DE,2025-12-01
1729,135,2025-05-19,Books,28.68,US,2025-05-01
1730,271,2025-11-22,Toys,116.81,CA,2025-11-01
1731,218,2025-10-26,Furniture,982.1,AU,2025-10-01
1732,485,2025-08-27,Sports,154.67,US,2025-08-01
1733,343,2025-10-01,Toys,80.24,IN,2025-10-01
1734,267,2025-11-02,Clothing,109.61,CA,2025-11-01
1735,48,2025-04-08,Toys,78.1,CA,2025-04-01
1736,281,2025-12-22,Groceries,118.62,UK,2025-12-01
1737,138,2025-05-19,Electronics,234.17,US,2025-05-01
1738,482,2025-01-18,Furniture,839.6,DE,2025-01-01
1739,284,2025-11-10,Groceries,22.34,US,2025-11-01
1740,134,2025-09-01,Books,10.97,DE,2025-09-01
1741,12,2025-01-24,Sports,246.02,US,2025-01-01
1742,147,2025-03-23,Furniture,491.26,IN,2025-03-01
1743,236,2025-07-30,Books,67.84,AU,2025-07-01
1744,419,2025-04-18,Home & Kitchen,150.32,IN,2025-04-01
1745,264,2025-12-07,Furniture,198.01,CA,2025-12-01
1746,55,2025-11-03,Garden,260.26,DE,2025-11-01
1747,348,2025-03-05,Clothing,89.17,AU,2025-03-01
1748,109,2025-12-29,Home & Kitchen,344.71,US,2025-12-01
1749,304,2025-12-11,Beauty,132.59,AU,2025-12-01
1750,386,2025-01-31,Electronics,431.94,AU,2025-01-01
1751,254,2025-08-23,Groceries,82.35,US,2025-08-01
1752,333,2025-08-22,Clothing,23.93,DE,2025-08-01
1753,237,2025-04-16,Electronics,716.01,UK,2025-04-01
1754,181,2025-10-30,Books,48.71,US,2025-10-01
1755,358,2025-05-10,Groceries,112.75,UK,2025-05-01
1756,339,2025-06-27,Beauty,20.03,UK,2025-06-01
1757,31,2025-05-18,Groceries,71.11,US,2025-05-01
1758,203,2025-02-07,Furniture,452.78,CA,2025-02-01
1759,108,2025-06-18,Toys,79.94,AU,2025-06-01
1760,203,2025-12-05,Sports,94.48,CA,2025-12-01
1761,157,2025-04-03,Toys,60.37,AU,2025-04-01
1762,33,2025-07-04,Toys,131.74,CA,2025-07-01
1763,155,2025-06-17,Groceries,56.2,IN,2025-06-01
1764,153,2025-11-30,Toys,46.3,CA,2025-11-01
1765,328,2025-03-15,Sports,150.06,DE,2025-03-01
1766,481,2025-04-09,Toys,63.87,US,2025-04-01
1767,348,2025-09-05,Beauty,67.41,AU,2025-09-01
1768,56,2025-08-17,Sports,178.12,US,2025-08-01
1769,296,2025-07-23,Furniture,579.67,DE,2025-07-01
1770,63,2025-03-06,Clothing,158.73,AU,2025-03-01
1771,364,2025-05-25,Furniture,140.29,AU,2025-05-01
1772,72,2025-01-15,Sports,98.34,UK,2025-01-01
1773,464,2025-07-30,Electronics,792.33,AU,2025-07-01
1774,266,2025-03-17,Electronics,704.25,IN,2025-03-01
1775,15,2025-04-13,Garden,252.16,CA,2025-04-01
1776,298,2025-02-16,Home & Kitchen,296.93,CA,2025-02-01
1777,152,2025-06-04,Groceries,90.4,DE,2025-06-01
1778,104,2025-04-05,Toys,97.4,UK,2025-04-01
1779,348,2025-06-17,Sports,65.39,AU,2025-06-01
1780,40,2025-07-15,Beauty,49.52,DE,2025-07-01
1781,386,2025-08-13,Garden,284.31,AU,2025-08-01
1782,366,2025-09-30,Groceries,142.97,UK,2025-09-01
1783,146,2025-01-08,Clothing,125.01,AU,2025-01-01
1784,75,2025-05-28,Electronics,147.12,CA,2025-05-01
1785,130,2025-12-17,Home & Kitchen,205.73,IN,2025-12-01
1786,128,2025-02-16,Sports,155.45,DE,2025-02-01
1787,444,2025-11-15,Garden,196.09,AU,2025-11-01
1788,147,2025-02-20,Furniture,164.22,IN,2025-02-01
1789,240,2025-02-11,Home & Kitchen,290.06,US,2025-02-01
1790,194,2025-07-29,Electronics,569.42,DE,2025-07-01
1791,121,2025-11-10,Sports,223.53,AU,2025-11-01
1792,297,2025-12-23,Books,52.58,DE,2025-12-01
1793,215,2025-12-10,Beauty,12.38,US,2025-12-01
1794,261,2025-04-11,Books,27.84,CA,2025-04-01
1795,122,2025-07-21,Garden,162.78,AU,2025-07-01
1796,262,2025-01-11,Beauty,79.14,US,2025-01-01
1797,114,2025-07-29,Groceries,83.82,AU,2025-07-01
1798,209,2025-03-04,Groceries,98.64,US,2025-03-01
1799,283,2025-03-24,Clothing,103.92,IN,2025-03-01
1800,140,2025-12-05,Books,67.75,CA,2025-12-01
1801,463,2025-04-14,Electronics,409.54,IN,2025-04-01
1802,98,2025-09-04,Electronics,504.77,DE,2025-09-01
1803,398,2025-07-03,Electronics,102.91,IN,2025-07-01
1804,130,2025-07-22,Garden,292.99,IN,2025-07-01
1805,336,2025-10-26,Electronics,435.97,UK,2025-10-01
1806,143,2025-09-02,Furniture,406.97,IN,2025-09-01
1807,61,2025-02-02,Books,76.96,IN,2025-02-01
1808,458,2025-10-29,Books,31.25,CA,2025-10-01
1809,379,2025-11-05,Home & Kitchen,72.27,DE,2025-11-01
1810,117,2025-12-27,Electronics,239.4,US,2025-12-01
1811,152,2025-09-04,Sports,95.94,DE,2025-09-01
1812,475,2025-11-16,Garden,93.34,CA,2025-11-01
1813,387,2025-07-17,Beauty,54.01,US,2025-07-01
1814,290,2025-01-17,Furniture,740.26,UK,2025-01-01
1815,299,2025-08-22,Home & Kitchen,276.81,DE,2025-08-01
1816,168,2025-06-24,Beauty,131.28,DE,2025-06-01
1817,59,2025-06-26,Home & Kitchen,321.35,US,2025-06-01
1818,30,2025-11-24,Books,17.33,AU,2025-11-01
1819,144,2025-07-24,Groceries,96.36,US,2025-07-01
1820,393,2025-01-26,Sports,42.75,UK,2025-01-01
1821,313,2025-10-29,Beauty,128.58,IN,2025-10-01
1822,64,2025-06-30,Furniture,904.51,AU,2025-06-01
1823,175,2025-03-07,Garden,44.4,IN,2025-03-01
1824,205,2025-04-12,Sports,185.12,DE,2025-04-01
1825,439,2025-03-18,Garden,135.68,CA,2025-03-01
1826,347,2025-07-25,Electronics,306.68,IN,2025-07-01
1827,210,2025-02-08,Toys,51.77,UK,2025-02-01
1828,111,2025-09-24,Garden,218.21,AU,2025-09-01
1829,300,2025-04-29,Home & Kitchen,126.43,UK,2025-04-01
1830,117,2025-06-05,Groceries,123.41,US,2025-06-01
1831,457,2025-03-22,Garden,291.44,UK,2025-03-01
1832,253,2025-12-14,Garden,287.31,CA,2025-12-01
1833,227,2025-06-18,Groceries,138.17,CA,2025-06-01
1834,493,2025-04-07,Toys,77.79,UK,2025-04-01
1835,314,2025-09-02,Toys,101.09,CA,2025-09-01
1836,457,2025-02-20,Toys,15.82,UK,2025-02-01
1837,254,2025-08-03,Toys,149.33,US,2025-08-01
1838,432,2025-07-17,Electronics,357.22,DE,2025-07-01
1839,453,2025-09-19,Home & Kitchen,179.5,DE,2025-09-01
1840,40,2025-11-02,Sports,25.84,DE,2025-11-01
1841,220,2025-10-19,Furniture,808.05,DE,2025-10-01
1842,318,2025-08-13,Sports,89.61,CA,2025-08-01
1843,210,2025-12-08,Toys,61.23,UK,2025-12-01
1844,390,2025-08-20,Beauty,128.92,IN,2025-08-01
1845,104,2025-05-10,Groceries,98.82,UK,2025-05-01
1846,491,2025-03-24,Books,61.72,AU,2025-03-01
1847,491,2025-08-03,Electronics,383.68,AU,2025-08-01
1848,278,2025-07-11,Electronics,649.19,US,2025-07-01
1849,252,2025-11-25,Books,67.48,CA,2025-11-01
1850,346,2025-12-05,Groceries,41.87,CA,2025-12-01
1851,166,2025-10-29,Garden,31.05,CA,2025-10-01
1852,292,2025-10-05,Furniture,413.99,IN,2025-10-01
1853,15,2025-01-19,Clothing,29.01,CA,2025-01-01
1854,177,2025-08-22,Sports,155.46,CA,2025-08-01
1855,155,2025-06-19,Sports,207.45,IN,2025-06-01
1856,72,2025-08-12,Electronics,473.87,UK,2025-08-01
1857,313,2025-10-19,Books,43.38,IN,2025-10-01
1858,86,2025-01-11,Sports,128.7,IN,2025-01-01
1859,363,2025-06-21,Beauty,132.24,DE,2025-06-01
1860,498,2025-01-24,Home & Kitchen,74.58,AU,2025-01-01
1861,473,2025-03-03,Furniture,237.34,DE,2025-03-01
1862,142,2025-11-08,Garden,225.11,IN,2025-11-01
1863,236,2025-11-03,Books,19.54,AU,2025-11-01
1864,72,2025-06-15,Sports,111.97,UK,2025-06-01
1865,259,2025-07-07,Home & Kitchen,253.57,UK,2025-07-01
1866,64,2025-07-24,Clothing,73.35,AU,2025-07-01
1867,170,2025-08-25,Toys,125.58,AU,2025-08-01
1868,19,2025-09-11,Furniture,591.77,IN,2025-09-01
1869,159,2025-08-21,Groceries,121.52,UK,2025-08-01
1870,172,2025-11-06,Electronics,332.03,US,2025-11-01
1871,494,2025-11-25,Home & Kitchen,296.9,DE,2025-11-01
1872,121,2025-02-26,Clothing,92.11,AU,2025-02-01
1873,109,2025-12-06,Sports,90.52,US,2025-12-01
1874,454,2025-02-02,Groceries,81.43,DE,2025-02-01
1875,154,2025-04-15,Furniture,906.57,IN,2025-04-01
1876,157,2025-07-25,Books,85.48,AU,2025-07-01
1877,295,2025-05-13,Home & Kitchen,200.2,DE,2025-05-01
1878,405,2025-12-27,Sports,217.43,CA,2025-12-01
1879,185,2025-12-09,Electronics,728.24,CA,2025-12-01
1880,251,2025-02-03,Sports,215.78,US,2025-02-01
1881,373,2025-01-30,Books,13.64,IN,2025-01-01
1882,4,2025-12-14,Beauty,27.07,UK,2025-12-01
1883,10,2025-05-25,Toys,149.99,AU,2025-05-01
1884,208,2025-06-21,Beauty,51.77,UK,2025-06-01
1885,439,2025-10-11,Furniture,681.62,CA,2025-10-01
1886,208,2025-06-26,Sports,72.16,UK,2025-06-01
1887,35,2025-01-15,Books,72.15,UK,2025-01-01
1888,115,2025-11-05,Beauty,12,DE,2025-11-01
1889,371,2025-06-30,Groceries,76.41,IN,2025-06-01
1890,423,2025-07-03,Sports,81.69,AU,2025-07-01
1891,30,2025-07-17,Toys,53.56,AU,2025-07-01
1892,277,2025-02-01,Garden,298.44,CA,2025-02-01
1893,475,2025-02-27,Books,27.23,CA,2025-02-01
1894,38,2025-10-16,Electronics,142.79,US,2025-10-01
1895,125,2025-07-26,Toys,146.35,CA,2025-07-01
1896,253,2025-05-30,Electronics,304.93,CA,2025-05-01
1897,239,2025-09-06,Sports,92.53,CA,2025-09-01
1898,386,2025-11-18,Furniture,872.82,AU,2025-11-01
1899,46,2025-11-07,Clothing,41.8,US,2025-11-01
1900,36,2025-02-28,Clothing,83.98,CA,2025-02-01
1901,438,2025-09-07,Home & Kitchen,159.34,AU,2025-09-01
1902,266,2025-05-17,Electronics,167.77,IN,2025-05-01
1903,293,2025-08-30,Electronics,659.13,DE,2025-08-01
1904,172,2025-09-16,Beauty,54.66,US,2025-09-01
1905,196,2025-01-11,Furniture,900.4,US,2025-01-01
1906,355,2025-06-26,Clothing,95.75,DE,2025-06-01
1907,135,2025-12-23,Clothing,57.53,US,2025-12-01
1908,11,2025-10-12,Toys,148.36,AU,2025-10-01
1909,118,2025-06-17,Electronics,754.95,DE,2025-06-01
1910,239,2025-05-23,Garden,54.91,CA,2025-05-01
1911,386,2025-05-07,Groceries,63.04,AU,2025-05-01
1912,361,2025-02-23,Books,27.68,CA,2025-02-01
1913,269,2025-02-03,Electronics,655.04,IN,2025-02-01
1914,416,2025-01-29,Beauty,13.81,DE,2025-01-01
1915,395,2025-11-07,Toys,51.14,IN,2025-11-01
1916,343,2025-12-17,Books,83.41,IN,2025-12-01
1917,296,2025-03-14,Electronics,590.39,DE,2025-03-01
1918,424,2025-08-28,Toys,34.33,IN,2025-08-01
1919,379,2025-07-14,Books,95.82,DE,2025-07-01
1920,6,2025-12-30,Clothing,147.49,AU,2025-12-01
1921,5,2025-03-24,Books,35.43,UK,2025-03-01
1922,413,2025-01-19,Electronics,432.58,AU,2025-01-01
1923,489,2025-03-10,Garden,33.18,UK,2025-03-01
1924,489,2025-03-28,Toys,86.23,UK,2025-03-01
1925,357,2025-02-10,Garden,164.72,IN,2025-02-01
1926,176,2025-08-01,Sports,107.85,CA,2025-08-01
1927,188,2025-03-30,Sports,210.43,UK,2025-03-01
1928,490,2025-01-05,Electronics,245.85,AU,2025-01-01
1929,193,2025-05-14,Home & Kitchen,242.59,UK,2025-05-01
1930,266,2025-07-04,Furniture,702.12,IN,2025-07-01
1931,130,2025-05-08,Home & Kitchen,106.32,IN,2025-05-01
1932,355,2025-04-13,Toys,143.97,DE,2025-04-01
1933,365,2025-03-02,Furniture,464.38,AU,2025-03-01
1934,447,2025-05-05,Electronics,664.86,CA,2025-05-01
1935,231,2025-03-24,Furniture,824.04,IN,2025-03-01
1936,461,2025-10-19,Electronics,306.35,AU,2025-10-01
1937,374,2025-11-01,Beauty,41.6,CA,2025-11-01
1938,220,2025-10-16,Clothing,85.34,DE,2025-10-01
1939,399,2025-08-09,Electronics,440.96,DE,2025-08-01
1940,198,2025-09-30,Home & Kitchen,349.27,CA,2025-09-01
1941,61,2025-05-31,Electronics,487.99,IN,2025-05-01
1942,271,2025-08-18,Electronics,662.33,CA,2025-08-01
1943,482,2025-03-04,Books,24.9,DE,2025-03-01
1944,433,2025-01-02,Books,58.37,IN,2025-01-01
1945,419,2025-12-13,Groceries,115.58,IN,2025-12-01
1946,185,2025-11-24,Beauty,126.18,CA,2025-11-01
1947,306,2025-03-06,Toys,47.29,US,2025-03-01
1948,74,2025-11-13,Toys,38.56,CA,2025-11-01
1949,204,2025-03-15,Books,95.72,DE,2025-03-01
1950,136,2025-01-04,Electronics,149.12,AU,2025-01-01
1951,136,2025-03-01,Clothing,104.97,AU,2025-03-01
1952,105,2025-01-30,Books,91.7,AU,2025-01-01
1953,132,2025-06-16,Electronics,766.41,IN,2025-06-01
1954,116,2025-12-10,Garden,73.06,AU,2025-12-01
1955,271,2025-06-10,Furniture,611.49,CA,2025-06-01
1956,337,2025-10-07,Electronics,642.97,US,2025-10-01
1957,219,2025-09-03,Home & Kitchen,156.85,AU,2025-09-01
1958,162,2025-04-17,Home & Kitchen,221.41,DE,2025-04-01
1959,155,2025-08-10,Books,26.82,IN,2025-08-01
1960,455,2025-06-22,Beauty,139.67,AU,2025-06-01
1961,475,2025-03-04,Toys,147.74,CA,2025-03-01
1962,13,2025-02-25,Sports,84.69,UK,2025-02-01
1963,392,2025-11-21,Clothing,39.37,CA,2025-11-01
1964,25,2025-07-04,Books,84.66,UK,2025-07-01
1965,448,2025-07-17,Books,40.13,IN,2025-07-01
1966,181,2025-11-12,Sports,79.83,US,2025-11-01
1967,384,2025-05-05,Garden,136.59,DE,2025-05-01
1968,181,2025-05-21,Books,40.73,US,2025-05-01
1969,118,2025-01-13,Toys,84.59,DE,2025-01-01
1970,282,2025-01-09,Toys,51.89,CA,2025-01-01
1971,465,2025-02-20,Groceries,89.37,AU,2025-02-01
1972,396,2025-05-05,Electronics,791.48,UK,2025-05-01
1973,301,2025-01-03,Books,96.39,DE,2025-01-01
1974,400,2025-03-18,Sports,192.9,US,2025-03-01
1975,138,2025-06-08,Home & Kitchen,314.29,US,2025-06-01
1976,261,2025-12-08,Groceries,100.27,CA,2025-12-01
1977,431,2025-12-29,Books,52.83,AU,2025-12-01
1978,262,2025-07-04,Groceries,57.45,US,2025-07-01
1979,149,2025-10-03,Beauty,112.77,AU,2025-10-01
1980,81,2025-05-09,Clothing,32.95,US,2025-05-01
1981,282,2025-12-07,Electronics,410.45,CA,2025-12-01
1982,357,2025-02-01,Furniture,657.67,IN,2025-02-01
1983,363,2025-07-19,Books,28.84,DE,2025-07-01
1984,351,2025-04-02,Furniture,445.87,US,2025-04-01
1985,240,2025-10-07,Electronics,737.19,US,2025-10-01
1986,332,2025-02-08,Beauty,25.54,AU,2025-02-01
1987,477,2025-11-14,Electronics,345.15,AU,2025-11-01
1988,299,2025-08-23,Garden,214.57,DE,2025-08-01
1989,280,2025-09-08,Clothing,193.41,UK,2025-09-01
1990,200,2025-06-30,Sports,203.24,UK,2025-06-01
1991,65,2025-05-04,Garden,136.55,DE,2025-05-01
1992,471,2025-03-20,Garden,290.22,US,2025-03-01
1993,419,2025-05-08,Beauty,94.83,IN,2025-05-01
1994,494,2025-10-31,Groceries,51.96,DE,2025-10-01
1995,318,2025-11-18,Groceries,137.29,CA,2025-11-01
1996,74,2025-05-26,Sports,78.35,CA,2025-05-01
1997,156,2025-10-11,Electronics,778.6,IN,2025-10-01
1998,52,2025-07-07,Toys,58.57,UK,2025-07-01
1999,151,2025-01-30,Beauty,125.39,IN,2025-01-01
2000,271,2025-08-19,Sports,92.64,CA,2025-08-01
2001,167,2025-04-20,Clothing,97.16,UK,2025-04-01
2002,221,2025-07-09,Garden,66.09,US,2025-07-01
2003,311,2025-10-29,Sports,201.74,IN,2025-10-01
2004,86,2025-07-22,Sports,115.15,IN,2025-07-01
2005,377,2025-12-12,Electronics,317.1,UK,2025-12-01
2006,400,2025-08-12,Books,90.85,US,2025-08-01
2007,351,2025-03-17,Groceries,9.38,US,2025-03-01
2008,204,2025-04-22,Garden,74.05,DE,2025-04-01
2009,276,2025-04-24,Beauty,128.56,UK,2025-04-01
2010,73,2025-01-02,Garden,256.1,IN,2025-01-01
2011,156,2025-03-09,Sports,212.69,IN,2025-03-01
2012,259,2025-02-01,Beauty,35.54,UK,2025-02-01
2013,371,2025-10-14,Clothing,180.27,IN,2025-10-01
2014,301,2025-05-01,Clothing,81.47,DE,2025-05-01
2015,317,2025-04-21,Clothing,195.63,CA,2025-04-01
2016,488,2025-09-22,Groceries,130,IN,2025-09-01
2017,441,2025-03-22,Groceries,80.3,IN,2025-03-01
2018,60,2025-06-17,Groceries,55.55,UK,2025-06-01
2019,241,2025-08-04,Home & Kitchen,126.73,CA,2025-08-01
2020,251,2025-06-19,Clothing,87.63,US,2025-06-01
2021,452,2025-02-23,Sports,243.49,DE,2025-02-01
2022,202,2025-06-27,Books,36.14,AU,2025-06-01
2023,497,2025-07-28,Garden,76.01,CA,2025-07-01
2024,458,2025-06-12,Toys,82.25,CA,2025-06-01
2025,261,2025-10-11,Beauty,130.69,CA,2025-10-01
2026,459,2025-11-13,Groceries,11.1,UK,2025-11-01
2027,489,2025-03-01,Garden,133.94,UK,2025-03-01
2028,12,2025-06-10,Beauty,107.67,US,2025-06-01
2029,133,2025-11-28,Sports,75.05,CA,2025-11-01
2030,344,2025-01-16,Beauty,98.72,AU,2025-01-01
2031,62,2025-05-01,Toys,116.92,IN,2025-05-01
2032,68,2025-09-05,Furniture,853.37,US,2025-09-01
2033,124,2025-11-04,Home & Kitchen,294.64,UK,2025-11-01
2034,354,2025-09-02,Books,26.75,UK,2025-09-01
2035,96,2025-12-04,Beauty,22.51,CA,2025-12-01
2036,193,2025-07-27,Garden,109.19,UK,2025-07-01
2037,83,2025-09-25,Beauty,53.3,US,2025-09-01
2038,496,2025-07-09,Garden,250.56,US,2025-07-01
2039,395,2025-05-15,Beauty,56.44,IN,2025-05-01
2040,39,2025-11-15,Clothing,174.95,UK,2025-11-01
2041,29,2025-03-20,Beauty,45.89,IN,2025-03-01
2042,475,2025-04-23,Toys,117.37,CA,2025-04-01
2043,472,2025-05-19,Beauty,55.55,DE,2025-05-01
2044,5,2025-11-19,Groceries,123.87,UK,2025-11-01
2045,450,2025-09-05,Books,64.45,AU,2025-09-01
2046,425,2025-08-30,Furniture,446.78,UK,2025-08-01
2047,26,2025-03-16,Clothing,30.63,US,2025-03-01
2048,284,2025-01-28,Toys,80.9,US,2025-01-01
2049,303,2025-06-28,Garden,244.1,CA,2025-06-01
2050,70,2025-01-05,Toys,34.07,UK,2025-01-01
2051,218,2025-10-15,Garden,203.6,AU,2025-10-01
2052,220,2025-05-25,Furniture,330.18,DE,2025-05-01
2053,326,2025-04-10,Toys,113.64,IN,2025-04-01
2054,375,2025-09-23,Home & Kitchen,63.87,IN,2025-09-01
2055,251,2025-08-02,Garden,123.18,US,2025-08-01
2056,4,2025-09-27,Home & Kitchen,100.57,UK,2025-09-01
2057,192,2025-11-20,Beauty,54.04,AU,2025-11-01
2058,22,2025-12-07,Books,87.49,CA,2025-12-01
2059,335,2025-06-21,Clothing,116.76,US,2025-06-01
2060,262,2025-10-01,Garden,26.57,US,2025-10-01
2061,379,2025-06-14,Clothing,49.68,DE,2025-06-01
2062,57,2025-10-04,Home & Kitchen,218.48,AU,2025-10-01
2063,67,2025-10-16,Books,51.43,AU,2025-10-01
2064,213,2025-08-03,Electronics,54.79,US,2025-08-01
2065,381,2025-12-02,Books,92.23,AU,2025-12-01
2066,74,2025-05-04,Clothing,69.47,CA,2025-05-01
2067,101,2025-01-25,Beauty,64.87,UK,2025-01-01
2068,217,2025-11-06,Home & Kitchen,343.51,AU,2025-11-01
2069,102,2025-05-01,Books,69.03,IN,2025-05-01
2070,92,2025-10-03,Groceries,123.1,CA,2025-10-01
2071,321,2025-10-11,Furniture,543.85,DE,2025-10-01
2072,163,2025-06-13,Home & Kitchen,95.2,US,2025-06-01
2073,296,2025-11-11,Furniture,876.57,DE,2025-11-01
2074,2,2025-09-19,Clothing,180.37,AU,2025-09-01
2075,174,2025-12-20,Groceries,62.72,UK,2025-12-01
2076,275,2025-07-29,Electronics,613.38,US,2025-07-01
2077,346,2025-11-25,Garden,203.07,CA,2025-11-01
2078,289,2025-07-09,Clothing,67.67,UK,2025-07-01
2079,87,2025-11-26,Beauty,44.55,US,2025-11-01
2080,387,2025-03-03,Furniture,145.93,US,2025-03-01
2081,165,2025-09-15,Books,22.54,CA,2025-09-01
2082,192,2025-03-19,Electronics,785.37,AU,2025-03-01
2083,216,2025-06-18,Electronics,573.66,CA,2025-06-01
2084,317,2025-02-12,Groceries,18.08,CA,2025-02-01
2085,315,2025-02-12,Groceries,115.6,CA,2025-02-01
2086,320,2025-05-23,Garden,293.64,US,2025-05-01
2087,224,2025-10-13,Books,75.51,US,2025-10-01
2088,269,2025-09-13,Toys,70.85,IN,2025-09-01
2089,73,2025-01-01,Electronics,732.63,IN,2025-01-01
2090,256,2025-03-27,Groceries,117.21,CA,2025-03-01
2091,273,2025-06-02,Groceries,51.4,US,2025-06-01
2092,495,2025-01-11,Books,48.9,DE,2025-01-01
2093,462,2025-12-27,Groceries,74.89,AU,2025-12-01
2094,497,2025-10-16,Electronics,247.75,CA,2025-10-01
2095,369,2025-11-17,Garden,74.96,UK,2025-11-01
2096,351,2025-07-08,Electronics,512.83,US,2025-07-01
2097,253,2025-10-24,Clothing,173.88,CA,2025-10-01
2098,437,2025-08-20,Garden,167.46,IN,2025-08-01
2099,8,2025-07-17,Furniture,113.81,CA,2025-07-01
2100,165,2025-03-25,Garden,244.25,CA,2025-03-01
2101,268,2025-01-22,Sports,49.48,CA,2025-01-01
2102,500,2025-12-29,Electronics,758.5,IN,2025-12-01
2103,340,2025-04-12,Toys,114.02,UK,2025-04-01
2104,261,2025-09-01,Electronics,281.64,CA,2025-09-01
2105,57,2025-06-08,Groceries,60.32,AU,2025-06-01
2106,306,2025-12-31,Clothing,110.88,US,2025-12-01
2107,232,2025-04-05,Books,19.18,CA,2025-04-01
2108,179,2025-08-14,Sports,232.14,CA,2025-08-01
2109,163,2025-06-29,Toys,36.28,US,2025-06-01
2110,133,2025-12-04,Garden,148.35,CA,2025-12-01
2111,456,2025-10-06,Books,87.19,CA,2025-10-01
2112,108,2025-10-30,Groceries,73.08,AU,2025-10-01
2113,37,2025-02-13,Beauty,33.4,US,2025-02-01
2114,183,2025-08-31,Clothing,132.71,US,2025-08-01
2115,154,2025-06-21,Electronics,350.45,IN,2025-06-01
2116,316,2025-08-07,Beauty,63.19,DE,2025-08-01
2117,473,2025-06-29,Garden,75.31,DE,2025-06-01
2118,367,2025-09-17,Beauty,104.94,CA,2025-09-01
2119,184,2025-06-20,Groceries,43.11,UK,2025-06-01
2120,490,2025-12-11,Groceries,124.32,AU,2025-12-01
2121,470,2025-05-14,Books,11.94,CA,2025-05-01
2122,31,2025-10-16,Books,17.52,US,2025-10-01
2123,374,2025-10-22,Furniture,843.61,CA,2025-10-01
2124,308,2025-09-24,Clothing,34.24,UK,2025-09-01
2125,393,2025-12-31,Beauty,43.76,UK,2025-12-01
2126,265,2025-09-30,Furniture,638.92,CA,2025-09-01
2127,181,2025-03-15,Home & Kitchen,316.14,US,2025-03-01
2128,273,2025-08-20,Garden,26.3,US,2025-08-01
2129,361,2025-12-18,Furniture,414.57,CA,2025-12-01
2130,362,2025-09-14,Beauty,97.75,AU,2025-09-01
2131,408,2025-01-16,Electronics,659.92,AU,2025-01-01
2132,357,2025-10-27,Electronics,579.62,IN,2025-10-01
2133,319,2025-06-09,Home & Kitchen,67.75,DE,2025-06-01
2134,445,2025-05-27,Toys,134.78,DE,2025-05-01
2135,459,2025-01-05,Toys,84.78,UK,2025-01-01
2136,96,2025-05-07,Clothing,162.59,CA,2025-05-01
2137,464,2025-10-12,Electronics,525.18,AU,2025-10-01
2138,238,2025-03-24,Toys,119.15,AU,2025-03-01
2139,155,2025-08-15,Clothing,86.94,IN,2025-08-01
2140,284,2025-06-14,Home & Kitchen,161.94,US,2025-06-01
2141,121,2025-09-28,Home & Kitchen,157.68,AU,2025-09-01
2142,223,2025-01-09,Clothing,139.05,UK,2025-01-01
2143,270,2025-04-13,Books,19.74,UK,2025-04-01
2144,141,2025-04-03,Furniture,185.65,DE,2025-04-01
2145,303,2025-01-06,Garden,96.97,CA,2025-01-01
2146,270,2025-05-09,Home & Kitchen,219.33,UK,2025-05-01
2147,231,2025-10-09,Furniture,610.61,IN,2025-10-01
2148,223,2025-02-12,Garden,241.4,UK,2025-02-01
2149,202,2025-01-14,Sports,229.8,AU,2025-01-01
2150,349,2025-12-16,Furniture,933.38,US,2025-12-01
2151,476,2025-06-20,Clothing,129.56,US,2025-06-01
2152,9,2025-06-16,Books,86.27,IN,2025-06-01
2153,205,2025-06-18,Books,28.41,DE,2025-06-01
2154,78,2025-04-28,Toys,148.01,US,2025-04-01
2155,304,2025-03-20,Beauty,74.65,AU,2025-03-01
2156,69,2025-02-04,Furniture,135.68,AU,2025-02-01
2157,90,2025-07-01,Furniture,480.31,DE,2025-07-01
2158,205,2025-02-05,Books,77.68,DE,2025-02-01
2159,334,2025-05-22,Furniture,157.63,DE,2025-05-01
2160,456,2025-06-08,Groceries,48.32,CA,2025-06-01
2161,71,2025-03-17,Electronics,335.12,US,2025-03-01
2162,483,2025-12-06,Beauty,11.33,IN,2025-12-01
2163,315,2025-03-04,Books,14.51,CA,2025-03-01
2164,320,2025-04-06,Clothing,83.52,US,2025-04-01
2165,45,2025-08-22,Clothing,131.04,AU,2025-08-01
2166,313,2025-05-20,Beauty,142.07,IN,2025-05-01
2167,46,2025-03-25,Books,14.11,US,2025-03-01
2168,77,2025-06-22,Electronics,232.03,DE,2025-06-01
2169,126,2025-01-08,Beauty,54.83,AU,2025-01-01
2170,441,2025-01-28,Clothing,130.61,IN,2025-01-01
2171,117,2025-11-20,Books,41.36,US,2025-11-01
2172,429,2025-07-17,Garden,185.82,UK,2025-07-01
2173,494,2025-01-16,Garden,38.81,DE,2025-01-01
2174,466,2025-04-28,Sports,66.57,AU,2025-04-01
2175,404,2025-08-31,Beauty,103.09,UK,2025-08-01
2176,480,2025-03-21,Garden,84.46,IN,2025-03-01
2177,116,2025-09-08,Toys,44.96,AU,2025-09-01
2178,171,2025-07-14,Toys,74.83,AU,2025-07-01
2179,456,2025-09-30,Furniture,770.08,CA,2025-09-01
2180,367,2025-03-06,Toys,86.31,CA,2025-03-01
2181,392,2025-02-08,Clothing,190.61,CA,2025-02-01
2182,143,2025-01-21,Home & Kitchen,30.9,IN,2025-01-01
2183,353,2025-11-10,Beauty,136.38,DE,2025-11-01
2184,277,2025-12-03,Electronics,645.26,CA,2025-12-01
2185,178,2025-02-19,Furniture,363.63,AU,2025-02-01
2186,361,2025-07-01,Sports,39.35,CA,2025-07-01
2187,236,2025-05-04,Furniture,797.77,AU,2025-05-01
2188,337,2025-03-31,Clothing,147.98,US,2025-03-01
2189,493,2025-12-17,Beauty,97.1,UK,2025-12-01
2190,368,2025-12-07,Books,55.84,IN,2025-12-01
2191,186,2025-03-10,Groceries,10.67,CA,2025-03-01
2192,61,2025-05-14,Books,31,IN,2025-05-01
2193,33,2025-08-31,Electronics,520.32,CA,2025-08-01
2194,317,2025-02-13,Books,50.46,CA,2025-02-01
2195,245,2025-03-24,Garden,255.72,US,2025-03-01
2196,407,2025-09-27,Garden,41.1,UK,2025-09-01
2197,454,2025-09-16,Furniture,766.7,DE,2025-09-01
2198,337,2025-01-17,Garden,136.77,US,2025-01-01
2199,284,2025-04-29,Home & Kitchen,270.19,US,2025-04-01
2200,102,2025-05-19,Toys,30.29,IN,2025-05-01
2201,132,2025-10-30,Clothing,50.1,IN,2025-10-01
2202,266,2025-04-23,Home & Kitchen,345.38,IN,2025-04-01
2203,413,2025-03-03,Home & Kitchen,340.55,AU,2025-03-01
2204,175,2025-09-05,Books,31.42,IN,2025-09-01
2205,471,2025-07-12,Books,42.88,US,2025-07-01
2206,2,2025-09-25,Home & Kitchen,236.4,AU,2025-09-01
2207,220,2025-08-26,Home & Kitchen,229.63,DE,2025-08-01
2208,391,2025-05-23,Furniture,534.26,IN,2025-05-01
2209,338,2025-12-03,Books,42.61,AU,2025-12-01
2210,41,2025-01-07,Clothing,61.42,IN,2025-01-01
2211,1,2025-01-28,Furniture,324.63,DE,2025-01-01
2212,267,2025-12-11,Books,65.9,CA,2025-12-01
2213,456,2025-05-16,Groceries,84.74,CA,2025-05-01
2214,370,2025-10-25,Toys,85.14,US,2025-10-01
2215,14,2025-09-24,Sports,133.91,DE,2025-09-01
2216,8,2025-02-19,Furniture,638.33,CA,2025-02-01
2217,264,2025-05-04,Garden,203.1,CA,2025-05-01
2218,199,2025-08-10,Sports,20.78,DE,2025-08-01
2219,191,2025-03-09,Furniture,347.08,UK,2025-03-01
2220,500,2025-12-20,Furniture,191.01,IN,2025-12-01
2221,63,2025-01-25,Groceries,109.31,AU,2025-01-01
2222,178,2025-11-24,Home & Kitchen,105.89,AU,2025-11-01
2223,392,2025-03-29,Groceries,35.31,CA,2025-03-01
2224,329,2025-07-18,Electronics,194.95,AU,2025-07-01
2225,166,2025-02-02,Garden,137.11,CA,2025-02-01
2226,317,2025-02-04,Electronics,544.12,CA,2025-02-01
2227,491,2025-01-08,Furniture,287.01,AU,2025-01-01
2228,432,2025-03-08,Furniture,343.5,DE,2025-03-01
2229,187,2025-03-27,Books,33.32,US,2025-03-01
2230,362,2025-01-31,Electronics,712.93,AU,2025-01-01
2231,37,2025-11-07,Electronics,216.33,US,2025-11-01
2232,56,2025-07-25,Beauty,49.04,US,2025-07-01
2233,381,2025-08-19,Beauty,113.54,AU,2025-08-01
2234,52,2025-02-21,Electronics,296.21,UK,2025-02-01
2235,73,2025-11-04,Books,43.5,IN,2025-11-01
2236,128,2025-01-04,Electronics,274.6,DE,2025-01-01
2237,131,2025-03-05,Groceries,116.89,AU,2025-03-01
2238,34,2025-10-20,Clothing,103.26,IN,2025-10-01
2239,99,2025-09-27,Groceries,136.65,UK,2025-09-01
2240,257,2025-04-30,Sports,216.84,CA,2025-04-01
2241,123,2025-03-06,Groceries,16.93,DE,2025-03-01
2242,424,2025-02-04,Groceries,126.33,IN,2025-02-01
2243,442,2025-12-15,Books,23.28,CA,2025-12-01
2244,131,2025-05-29,Clothing,92.63,AU,2025-05-01
2245,96,2025-08-04,Sports,93.33,CA,2025-08-01
2246,262,2025-05-26,Furniture,445.61,US,2025-05-01
2247,104,2025-02-06,Clothing,193.44,UK,2025-02-01
2248,207,2025-09-21,Electronics,121.56,IN,2025-09-01
2249,337,2025-10-12,Books,80.7,US,2025-10-01
2250,479,2025-12-25,Sports,207.15,AU,2025-12-01
2251,20,2025-07-13,Home & Kitchen,110.92,US,2025-07-01
2252,403,2025-10-20,Books,66.47,IN,2025-10-01
2253,146,2025-05-22,Electronics,190.66,AU,2025-05-01
2254,99,2025-03-17,Electronics,419.18,UK,2025-03-01
2255,375,2025-01-04,Furniture,576.5,IN,2025-01-01
2256,400,2025-09-21,Home & Kitchen,272.08,US,2025-09-01
2257,349,2025-06-06,Toys,60.03,US,2025-06-01
2258,139,2025-02-17,Electronics,766.4,UK,2025-02-01
2259,69,2025-11-12,Sports,212.94,AU,2025-11-01
2260,204,2025-08-06,Sports,188.84,DE,2025-08-01
2261,323,2025-09-25,Groceries,16.99,UK,2025-09-01
2262,294,2025-12-19,Books,24.28,IN,2025-12-01
2263,292,2025-06-01,Groceries,93.36,IN,2025-06-01
2264,350,2025-03-15,Furniture,572.25,UK,2025-03-01
2265,284,2025-03-29,Garden,190.85,US,2025-03-01
2266,311,2025-08-15,Electronics,126.07,IN,2025-08-01
2267,445,2025-09-12,Groceries,58.13,DE,2025-09-01
2268,21,2025-01-19,Garden,21.46,US,2025-01-01
2269,96,2025-08-17,Beauty,19.05,CA,2025-08-01
2270,127,2025-04-19,Books,40.39,CA,2025-04-01
2271,138,2025-01-28,Clothing,32.65,US,2025-01-01
2272,276,2025-01-07,Groceries,149.92,UK,2025-01-01
2273,169,2025-03-02,Sports,171.18,CA,2025-03-01
2274,303,2025-12-28,Electronics,132.34,CA,2025-12-01
2275,362,2025-02-22,Sports,209.1,AU,2025-02-01
2276,30,2025-09-01,Electronics,751.5,AU,2025-09-01
2277,178,2025-11-01,Beauty,133.2,AU,2025-11-01
2278,331,2025-11-02,Books,58.04,UK,2025-11-01
2279,284,2025-07-02,Beauty,48.84,US,2025-07-01
2280,82,2025-06-10,Electronics,544.8,AU,2025-06-01
2281,251,2025-10-03,Electronics,442.53,US,2025-10-01
2282,194,2025-09-14,Groceries,71.14,DE,2025-09-01
2283,21,2025-03-13,Books,69.85,US,2025-03-01
2284,229,2025-09-29,Garden,289.23,DE,2025-09-01
2285,101,2025-01-19,Beauty,97.41,UK,2025-01-01
2286,244,2025-11-14,Home & Kitchen,289.62,DE,2025-11-01
2287,442,2025-01-26,Electronics,98.53,CA,2025-01-01
2288,183,2025-05-13,Toys,16.5,US,2025-05-01
2289,147,2025-02-20,Books,60.94,IN,2025-02-01
2290,399,2025-12-04,Toys,91.69,DE,2025-12-01
2291,220,2025-06-11,Toys,97.43,DE,2025-06-01
2292,88,2025-05-26,Garden,121.25,AU,2025-05-01
2293,226,2025-10-14,Furniture,743.78,US,2025-10-01
2294,170,2025-02-12,Home & Kitchen,330.42,AU,2025-02-01
2295,309,2025-01-03,Beauty,53.1,AU,2025-01-01
2296,212,2025-08-09,Sports,103.88,CA,2025-08-01
2297,486,2025-11-05,Electronics,756.77,CA,2025-11-01
2298,247,2025-05-08,Electronics,236.41,US,2025-05-01
2299,325,2025-10-05,Clothing,160.21,US,2025-10-01
2300,146,2025-07-30,Electronics,472.82,AU,2025-07-01
2301,219,2025-09-11,Sports,45.18,AU,2025-09-01
2302,297,2025-10-08,Sports,85.82,DE,2025-10-01
2303,223,2025-06-17,Toys,87.6,UK,2025-06-01
2304,75,2025-11-03,Books,29.73,CA,2025-11-01
2305,349,2025-07-04,Garden,24.74,US,2025-07-01
2306,65,2025-09-30,Garden,28.14,DE,2025-09-01
2307,7,2025-11-03,Garden,212.83,DE,2025-11-01
2308,46,2025-01-07,Home & Kitchen,121.06,US,2025-01-01
2309,488,2025-04-30,Home & Kitchen,233.62,IN,2025-04-01
2310,163,2025-09-13,Home & Kitchen,312.24,US,2025-09-01
2311,497,2025-03-31,Toys,119.88,CA,2025-03-01
2312,13,2025-12-01,Garden,293.1,UK,2025-12-01
2313,336,2025-11-03,Electronics,162.12,UK,2025-11-01
2314,380,2025-11-29,Garden,149.21,CA,2025-11-01
2315,284,2025-07-29,Electronics,180.11,US,2025-07-01
2316,353,2025-03-31,Sports,162.02,DE,2025-03-01
2317,485,2025-07-06,Electronics,769.97,US,2025-07-01
2318,369,2025-07-12,Home & Kitchen,297.67,UK,2025-07-01
2319,264,2025-07-21,Books,79.13,CA,2025-07-01
2320,251,2025-02-21,Home & Kitchen,44.71,US,2025-02-01
2321,51,2025-10-17,Beauty,11.21,CA,2025-10-01
2322,68,2025-02-10,Clothing,120.36,US,2025-02-01
2323,108,2025-12-25,Groceries,135.31,AU,2025-12-01
2324,299,2025-06-02,Toys,19.86,DE,2025-06-01
2325,184,2025-06-03,Beauty,145.02,UK,2025-06-01
2326,267,2025-06-04,Furniture,203.08,CA,2025-06-01
2327,10,2025-05-02,Beauty,121.9,AU,2025-05-01
2328,499,2025-02-18,Clothing,135.72,IN,2025-02-01
2329,455,2025-01-09,Groceries,10.55,AU,2025-01-01
2330,85,2025-02-22,Electronics,185.12,AU,2025-02-01
2331,369,2025-08-08,Clothing,111.25,UK,2025-08-01
2332,448,2025-06-07,Beauty,107.25,IN,2025-06-01
2333,430,2025-02-01,Clothing,142.68,US,2025-02-01
2334,117,2025-07-08,Groceries,80.88,US,2025-07-01
2335,203,2025-02-06,Electronics,78.9,CA,2025-02-01
2336,2,2025-05-23,Books,22.68,AU,2025-05-01
2337,77,2025-09-02,Electronics,490.27,DE,2025-09-01
2338,59,2025-03-13,Books,17.32,US,2025-03-01
2339,125,2025-07-02,Groceries,85.39,CA,2025-07-01
2340,153,2025-08-01,Toys,81.38,CA,2025-08-01
2341,151,2025-03-18,Garden,242.46,IN,2025-03-01
2342,276,2025-07-26,Home & Kitchen,322.71,UK,2025-07-01
2343,196,2025-05-12,Sports,227.11,US,2025-05-01
2344,291,2025-04-07,Beauty,85.65,AU,2025-04-01
2345,202,2025-04-14,Clothing,154.31,AU,2025-04-01
2346,180,2025-11-04,Sports,125.29,CA,2025-11-01
2347,1,2025-08-18,Electronics,466.34,DE,2025-08-01
2348,340,2025-02-20,Sports,73.68,UK,2025-02-01
2349,83,2025-01-18,Groceries,72.65,US,2025-01-01
2350,167,2025-03-20,Books,79.74,UK,2025-03-01
2351,122,2025-02-08,Clothing,32.8,AU,2025-02-01
2352,295,2025-09-28,Clothing,106.02,DE,2025-09-01
2353,96,2025-05-09,Home & Kitchen,198.05,CA,2025-05-01
2354,352,2025-08-02,Clothing,85.37,UK,2025-08-01
2355,487,2025-03-15,Sports,223.54,DE,2025-03-01
2356,63,2025-01-19,Home & Kitchen,266.88,AU,2025-01-01
2357,37,2025-01-12,Furniture,266.63,US,2025-01-01
2358,426,2025-08-29,Beauty,43.91,DE,2025-08-01
2359,59,2025-08-03,Furniture,901.48,US,2025-08-01
2360,176,2025-10-09,Sports,134.58,CA,2025-10-01
2361,287,2025-01-22,Books,57.48,CA,2025-01-01
2362,86,2025-11-04,Sports,45.14,IN,2025-11-01
2363,187,2025-10-04,Garden,49.04,US,2025-10-01
2364,181,2025-01-15,Beauty,119.46,US,2025-01-01
2365,341,2025-02-20,Clothing,98.02,UK,2025-02-01
2366,92,2025-10-07,Furniture,472.78,CA,2025-10-01
2367,431,2025-07-15,Books,36.06,AU,2025-07-01
2368,142,2025-12-14,Home & Kitchen,203.89,IN,2025-12-01
2369,250,2025-09-29,Clothing,68.8,UK,2025-09-01
2370,345,2025-01-13,Toys,137.87,IN,2025-01-01
2371,417,2025-11-01,Home & Kitchen,292.61,DE,2025-11-01
2372,421,2025-11-13,Sports,236.02,DE,2025-11-01
2373,140,2025-02-21,Groceries,46.86,CA,2025-02-01
2374,84,2025-10-25,Electronics,677.34,DE,2025-10-01
2375,455,2025-05-26,Clothing,147.81,AU,2025-05-01
2376,348,2025-01-30,Groceries,128.68,AU,2025-01-01
2377,353,2025-12-28,Home & Kitchen,163.36,DE,2025-12-01
2378,105,2025-07-18,Toys,96.23,AU,2025-07-01
2379,111,2025-11-14,Toys,67.49,AU,2025-11-01
2380,150,2025-11-11,Groceries,15.15,DE,2025-11-01
2381,23,2025-03-16,Furniture,440.91,DE,2025-03-01
2382,122,2025-07-02,Sports,208.12,AU,2025-07-01
2383,471,2025-08-27,Garden,129.34,US,2025-08-01
2384,251,2025-02-01,Toys,53.51,US,2025-02-01
2385,215,2025-02-17,Clothing,60.82,US,2025-02-01
2386,489,2025-04-13,Home & Kitchen,192.81,UK,2025-04-01
2387,20,2025-01-29,Home & Kitchen,175.03,US,2025-01-01
2388,364,2025-05-10,Toys,127.66,AU,2025-05-01
2389,10,2025-09-09,Garden,93.33,AU,2025-09-01
2390,195,2025-08-09,Garden,170.58,US,2025-08-01
2391,393,2025-10-12,Books,56.97,UK,2025-10-01
2392,283,2025-02-15,Beauty,134.24,IN,2025-02-01
2393,331,2025-02-02,Home & Kitchen,299.03,UK,2025-02-01
2394,359,2025-06-22,Clothing,53.87,DE,2025-06-01
2395,273,2025-01-03,Clothing,111.05,US,2025-01-01
2396,324,2025-01-16,Sports,222.2,CA,2025-01-01
2397,251,2025-07-20,Electronics,331.33,US,2025-07-01
2398,489,2025-11-16,Sports,193.43,UK,2025-11-01
2399,495,2025-03-24,Toys,125.22,DE,2025-03-01
2400,348,2025-04-25,Beauty,70.24,AU,2025-04-01
2401,63,2025-09-07,Garden,30.81,AU,2025-09-01
2402,124,2025-02-21,Electronics,707.4,UK,2025-02-01
2403,223,2025-03-13,Groceries,102.91,UK,2025-03-01
2404,161,2025-04-10,Garden,64.91,IN,2025-04-01
2405,43,2025-04-06,Groceries,14.24,CA,2025-04-01
2406,481,2025-07-02,Home & Kitchen,158.12,US,2025-07-01
2407,350,2025-03-12,Furniture,673.24,UK,2025-03-01
2408,23,2025-06-10,Clothing,93.17,DE,2025-06-01
2409,357,2025-10-27,Electronics,615.5,IN,2025-10-01
2410,465,2025-12-17,Garden,272.18,AU,2025-12-01
2411,296,2025-01-23,Garden,241.78,DE,2025-01-01
2412,273,2025-01-27,Books,24.82,US,2025-01-01
2413,452,2025-06-17,Furniture,369.63,DE,2025-06-01
2414,87,2025-07-23,Home & Kitchen,301.96,US,2025-07-01
2415,307,2025-09-24,Toys,141.06,IN,2025-09-01
2416,23,2025-09-22,Clothing,59.88,DE,2025-09-01
2417,348,2025-02-02,Home & Kitchen,124.02,AU,2025-02-01
2418,16,2025-11-15,Sports,238.85,DE,2025-11-01
2419,382,2025-05-02,Toys,71.63,UK,2025-05-01
2420,140,2025-12-23,Beauty,101.74,CA,2025-12-01
2421,117,2025-01-10,Books,87.34,US,2025-01-01
2422,118,2025-11-05,Toys,54.92,DE,2025-11-01
2423,96,2025-11-22,Clothing,83.95,CA,2025-11-01
2424,310,2025-10-09,Electronics,777.6,UK,2025-10-01
2425,131,2025-09-03,Sports,83.93,AU,2025-09-01
2426,391,2025-06-13,Garden,200.72,IN,2025-06-01
2427,490,2025-08-25,Toys,57.68,AU,2025-08-01
2428,259,2025-06-01,Home & Kitchen,29.72,UK,2025-06-01
2429,309,2025-02-15,Home & Kitchen,219.3,AU,2025-02-01
2430,404,2025-03-25,Furniture,202.5,UK,2025-03-01
2431,19,2025-07-25,Books,82.16,IN,2025-07-01
2432,317,2025-08-13,Clothing,147.05,CA,2025-08-01
2433,132,2025-03-28,Sports,85.67,IN,2025-03-01
2434,282,2025-11-21,Sports,88.31,CA,2025-11-01
2435,392,2025-03-26,Groceries,42.12,CA,2025-03-01
2436,116,2025-12-09,Books,56.14,AU,2025-12-01
2437,433,2025-05-19,Furniture,291.28,IN,2025-05-01
2438,314,2025-10-07,Beauty,141,CA,2025-10-01
2439,399,2025-12-01,Clothing,119.31,DE,2025-12-01
2440,217,2025-04-06,Sports,215.17,AU,2025-04-01
2441,201,2025-05-15,Clothing,177.41,CA,2025-05-01
2442,13,2025-09-14,Beauty,146.22,UK,2025-09-01
2443,117,2025-06-25,Toys,61.48,US,2025-06-01
2444,491,2025-12-16,Garden,139.55,AU,2025-12-01
2445,189,2025-02-27,Toys,144.87,CA,2025-02-01
2446,238,2025-05-05,Electronics,354.9,AU,2025-05-01
2447,229,2025-05-20,Beauty,29.63,DE,2025-05-01
2448,31,2025-11-20,Books,47.46,US,2025-11-01
2449,43,2025-04-21,Sports,62.18,CA,2025-04-01
2450,119,2025-09-20,Groceries,78.54,CA,2025-09-01
2451,383,2025-11-08,Toys,71.03,DE,2025-11-01
2452,5,2025-08-28,Toys,115.15,UK,2025-08-01
2453,24,2025-01-22,Furniture,809.73,UK,2025-01-01
2454,86,2025-05-27,Home & Kitchen,200.4,IN,2025-05-01
2455,225,2025-06-16,Sports,231.02,UK,2025-06-01
2456,246,2025-01-18,Toys,71.64,AU,2025-01-01
2457,354,2025-11-26,Clothing,37.91,UK,2025-11-01
2458,420,2025-12-28,Books,93.44,IN,2025-12-01
2459,187,2025-12-17,Electronics,135.69,US,2025-12-01
2460,422,2025-05-11,Electronics,175.01,AU,2025-05-01
2461,325,2025-01-17,Furniture,391.47,US,2025-01-01
2462,91,2025-08-10,Beauty,122.43,AU,2025-08-01
2463,317,2025-09-27,Books,91.15,CA,2025-09-01
2464,19,2025-01-19,Clothing,134.97,IN,2025-01-01
2465,268,2025-06-22,Groceries,91.59,CA,2025-06-01
2466,33,2025-02-25,Home & Kitchen,304.62,CA,2025-02-01
2467,458,2025-09-22,Garden,115.24,CA,2025-09-01
2468,31,2025-05-31,Furniture,208.53,US,2025-05-01
2469,292,2025-09-07,Clothing,186.29,IN,2025-09-01
2470,458,2025-09-30,Beauty,139.94,CA,2025-09-01
2471,143,2025-12-19,Home & Kitchen,194.18,IN,2025-12-01
2472,284,2025-01-17,Toys,79.5,US,2025-01-01
2473,228,2025-03-02,Home & Kitchen,94.66,UK,2025-03-01
2474,218,2025-11-20,Electronics,592.54,AU,2025-11-01
2475,136,2025-10-06,Clothing,67.64,AU,2025-10-01
2476,342,2025-06-10,Furniture,960.98,CA,2025-06-01
2477,302,2025-05-24,Home & Kitchen,347.03,US,2025-05-01
2478,123,2025-11-08,Beauty,21.39,DE,2025-11-01
2479,188,2025-04-07,Sports,145.85,UK,2025-04-01
2480,72,2025-03-29,Clothing,85.24,UK,2025-03-01
2481,298,2025-06-16,Beauty,96.42,CA,2025-06-01
2482,326,2025-04-22,Garden,236.66,IN,2025-04-01
2483,196,2025-05-26,Furniture,483.59,US,2025-05-01
2484,299,2025-01-30,Garden,94.38,DE,2025-01-01
2485,80,2025-01-17,Clothing,72.01,AU,2025-01-01
2486,103,2025-12-24,Sports,27.75,UK,2025-12-01
2487,191,2025-02-21,Beauty,146.87,UK,2025-02-01
2488,424,2025-04-09,Garden,82.3,IN,2025-04-01
2489,223,2025-07-07,Garden,111.71,UK,2025-07-01
2490,485,2025-05-15,Toys,58.31,US,2025-05-01
2491,474,2025-07-03,Home & Kitchen,224.5,UK,2025-07-01
2492,430,2025-10-04,Furniture,696.39,US,2025-10-01
2493,238,2025-04-03,Home & Kitchen,305.74,AU,2025-04-01
2494,276,2025-11-01,Sports,166.85,UK,2025-11-01
2495,7,2025-02-06,Sports,236.91,DE,2025-02-01
2496,201,2025-09-21,Sports,46.04,CA,2025-09-01
2497,212,2025-09-10,Clothing,25.34,CA,2025-09-01
2498,437,2025-12-14,Electronics,526.72,IN,2025-12-01
2499,108,2025-12-07,Toys,86.64,AU,2025-12-01
2500,11,2025-12-09,Books,36.49,AU,2025-12-01
2501,49,2025-03-15,Groceries,58.47,CA,2025-03-01
2502,2,2025-10-26,Groceries,105.23,AU,2025-10-01
2503,253,2025-06-25,Toys,21.59,CA,2025-06-01
2504,360,2025-04-03,Home & Kitchen,157.32,CA,2025-04-01
2505,29,2025-01-24,Electronics,95.19,IN,2025-01-01
2506,215,2025-06-11,Furniture,658.21,US,2025-06-01
2507,165,2025-01-07,Clothing,105.43,CA,2025-01-01
2508,341,2025-12-06,Home & Kitchen,112.06,UK,2025-12-01
2509,30,2025-07-28,Toys,140.74,AU,2025-07-01
2510,436,2025-09-16,Beauty,147.93,IN,2025-09-01
2511,134,2025-03-26,Groceries,27.21,DE,2025-03-01
2512,191,2025-08-19,Books,39.63,UK,2025-08-01
2513,311,2025-12-07,Clothing,115.38,IN,2025-12-01
2514,480,2025-11-23,Books,23.77,IN,2025-11-01
2515,419,2025-10-20,Electronics,729.27,IN,2025-10-01
2516,244,2025-02-20,Books,74.35,DE,2025-02-01
2517,27,2025-08-27,Sports,196.11,AU,2025-08-01
2518,462,2025-08-09,Books,58.03,AU,2025-08-01
2519,41,2025-11-16,Furniture,728.02,IN,2025-11-01
2520,316,2025-11-16,Beauty,84.06,DE,2025-11-01
2521,32,2025-12-26,Books,73.9,DE,2025-12-01
2522,316,2025-09-08,Garden,220.04,DE,2025-09-01
2523,84,2025-06-20,Beauty,91.46,DE,2025-06-01
2524,342,2025-09-27,Books,74.1,CA,2025-09-01
2525,4,2025-09-04,Furniture,248.52,UK,2025-09-01
2526,103,2025-12-23,Furniture,909.74,UK,2025-12-01
2527,179,2025-01-06,Clothing,141.95,CA,2025-01-01
2528,94,2025-04-30,Beauty,71.4,AU,2025-04-01
2529,424,2025-05-20,Home & Kitchen,48.03,IN,2025-05-01
2530,422,2025-06-07,Toys,27.17,AU,2025-06-01
2531,162,2025-05-12,Electronics,237.88,DE,2025-05-01
2532,18,2025-08-25,Sports,85.57,US,2025-08-01
2533,86,2025-03-31,Garden,187.94,IN,2025-03-01
2534,359,2025-02-10,Clothing,74.54,DE,2025-02-01
2535,291,2025-08-10,Beauty,45.08,AU,2025-08-01
2536,286,2025-03-15,Groceries,113.58,UK,2025-03-01
2537,3,2025-07-12,Home & Kitchen,331.3,DE,2025-07-01
2538,237,2025-07-21,Garden,85.36,UK,2025-07-01
2539,328,2025-05-18,Toys,76.68,DE,2025-05-01
2540,329,2025-03-09,Home & Kitchen,44.01,AU,2025-03-01
2541,288,2025-04-17,Books,39.08,AU,2025-04-01
2542,479,2025-01-24,Sports,199.12,AU,2025-01-01
2543,30,2025-09-20,Beauty,99.5,AU,2025-09-01
2544,153,2025-03-19,Sports,247.27,CA,2025-03-01
2545,44,2025-06-27,Furniture,652.3,DE,2025-06-01
2546,275,2025-05-31,Electronics,309.95,US,2025-05-01
2547,322,2025-12-26,Furniture,994.46,IN,2025-12-01
2548,44,2025-05-18,Books,97.32,DE,2025-05-01
2549,103,2025-02-14,Sports,191.57,UK,2025-02-01
2550,469,2025-07-12,Clothing,98.06,DE,2025-07-01
2551,18,2025-05-23,Garden,229.79,US,2025-05-01
2552,330,2025-12-09,Sports,211.46,US,2025-12-01
2553,307,2025-08-15,Beauty,14.77,IN,2025-08-01
2554,370,2025-02-19,Home & Kitchen,209,US,2025-02-01
2555,112,2025-08-26,Electronics,274.05,AU,2025-08-01
2556,47,2025-01-31,Sports,169.72,UK,2025-01-01
2557,303,2025-11-09,Books,71.54,CA,2025-11-01
2558,387,2025-06-06,Groceries,23.26,US,2025-06-01
2559,454,2025-12-27,Sports,32.73,DE,2025-12-01
2560,176,2025-07-27,Garden,75.35,CA,2025-07-01
2561,183,2025-11-08,Garden,157.65,US,2025-11-01
2562,118,2025-05-07,Beauty,110.78,DE,2025-05-01
2563,428,2025-05-28,Electronics,401.6,IN,2025-05-01
2564,287,2025-12-25,Toys,62.87,CA,2025-12-01
2565,175,2025-01-03,Electronics,211.08,IN,2025-01-01
2566,436,2025-07-09,Garden,283.4,IN,2025-07-01
2567,97,2025-01-02,Beauty,144.39,CA,2025-01-01
2568,492,2025-10-08,Home & Kitchen,144.12,DE,2025-10-01
2569,189,2025-05-07,Garden,293.41,CA,2025-05-01
2570,20,2025-10-25,Clothing,36.2,US,2025-10-01
2571,490,2025-07-07,Books,91.16,AU,2025-07-01
2572,326,2025-03-29,Clothing,105,IN,2025-03-01
2573,435,2025-06-01,Books,27.63,US,2025-06-01
2574,488,2025-11-06,Garden,77.81,IN,2025-11-01
2575,440,2025-12-20,Books,42.96,US,2025-12-01
2576,86,2025-05-09,Furniture,416.63,IN,2025-05-01
2577,372,2025-10-19,Sports,108.98,US,2025-10-01
2578,44,2025-08-03,Garden,284.9,DE,2025-08-01
2579,172,2025-02-05,Books,46.87,US,2025-02-01
2580,58,2025-01-26,Garden,240.47,CA,2025-01-01
2581,418,2025-02-24,Beauty,125.08,AU,2025-02-01
2582,70,2025-07-31,Home & Kitchen,230.96,UK,2025-07-01
2583,74,2025-03-07,Garden,255.49,CA,2025-03-01
2584,362,2025-12-08,Garden,269.16,AU,2025-12-01
2585,391,2025-03-17,Books,89.81,IN,2025-03-01
2586,107,2025-04-24,Garden,173.41,IN,2025-04-01
2587,17,2025-04-11,Home & Kitchen,119.72,DE,2025-04-01
2588,296,2025-09-18,Groceries,142.07,DE,2025-09-01
2589,181,2025-04-26,Books,20.54,US,2025-04-01
2590,165,2025-01-19,Home & Kitchen,270.73,CA,2025-01-01
2591,207,2025-09-16,Toys,38.35,IN,2025-09-01
2592,465,2025-06-27,Clothing,25.99,AU,2025-06-01
2593,143,2025-10-31,Clothing,53.22,IN,2025-10-01
2594,429,2025-05-16,Beauty,45.19,UK,2025-05-01
2595,305,2025-02-22,Home & Kitchen,132.42,AU,2025-02-01
2596,337,2025-04-28,Clothing,50.35,US,2025-04-01
2597,149,2025-06-20,Sports,34.02,AU,2025-06-01
2598,158,2025-11-13,Toys,138.48,US,2025-11-01
2599,164,2025-07-26,Beauty,17.51,AU,2025-07-01
2600,382,2025-03-13,Garden,100.56,UK,2025-03-01
2601,438,2025-04-29,Groceries,27.7,AU,2025-04-01
2602,66,2025-04-14,Beauty,95.73,AU,2025-04-01
2603,12,2025-04-19,Beauty,60.74,US,2025-04-01
2604,489,2025-03-08,Toys,59.94,UK,2025-03-01
2605,283,2025-11-22,Electronics,172.75,IN,2025-11-01
2606,67,2025-06-13,Groceries,77.46,AU,2025-06-01
2607,275,2025-12-05,Sports,209.64,US,2025-12-01
2608,418,2025-08-29,Clothing,182.06,AU,2025-08-01
2609,24,2025-01-26,Toys,104.77,UK,2025-01-01
2610,164,2025-02-09,Sports,185.59,AU,2025-02-01
2611,411,2025-05-27,Sports,96.75,US,2025-05-01
2612,334,2025-04-26,Home & Kitchen,214.98,DE,2025-04-01
2613,40,2025-06-20,Clothing,68.75,DE,2025-06-01
2614,177,2025-11-12,Toys,20.52,CA,2025-11-01
2615,85,2025-10-25,Electronics,138.85,AU,2025-10-01
2616,190,2025-01-15,Groceries,71.49,IN,2025-01-01
2617,150,2025-12-14,Clothing,124.65,DE,2025-12-01
2618,482,2025-12-01,Books,13.88,DE,2025-12-01
2619,117,2025-01-08,Home & Kitchen,181.51,US,2025-01-01
2620,215,2025-12-02,Beauty,144.69,US,2025-12-01
2621,152,2025-03-22,Home & Kitchen,306.93,DE,2025-03-01
2622,37,2025-06-11,Toys,98.93,US,2025-06-01
2623,355,2025-04-07,Books,53.18,DE,2025-04-01
2624,101,2025-12-13,Electronics,579.78,UK,2025-12-01
2625,36,2025-02-10,Clothing,28.12,CA,2025-02-01
2626,45,2025-09-07,Furniture,390.58,AU,2025-09-01
2627,443,2025-10-11,Home & Kitchen,276.07,AU,2025-10-01
2628,256,2025-02-03,Electronics,347.95,CA,2025-02-01
2629,118,2025-06-07,Beauty,132.34,DE,2025-06-01
2630,432,2025-03-08,Beauty,95.44,DE,2025-03-01
2631,333,2025-07-12,Furniture,796.41,DE,2025-07-01
2632,132,2025-02-08,Furniture,751.94,IN,2025-02-01
2633,495,2025-01-11,Groceries,120.01,DE,2025-01-01
2634,191,2025-06-12,Sports,92.42,UK,2025-06-01
2635,16,2025-07-28,Garden,143.55,DE,2025-07-01
2636,234,2025-04-06,Toys,130.95,US,2025-04-01
2637,376,2025-04-21,Toys,97.53,UK,2025-04-01
2638,190,2025-10-25,Electronics,601.11,IN,2025-10-01
2639,407,2025-01-13,Groceries,90.91,UK,2025-01-01
2640,288,2025-11-30,Furniture,371.39,AU,2025-11-01
2641,496,2025-09-19,Sports,118.02,US,2025-09-01
2642,279,2025-12-11,Electronics,740.07,DE,2025-12-01
2643,249,2025-12-10,Books,69.28,IN,2025-12-01
2644,453,2025-08-11,Beauty,49.06,DE,2025-08-01
2645,245,2025-07-10,Beauty,17.09,US,2025-07-01
2646,243,2025-07-12,Clothing,124.33,IN,2025-07-01
2647,76,2025-08-06,Groceries,72.12,AU,2025-08-01
2648,481,2025-06-14,Groceries,45.8,US,2025-06-01
2649,122,2025-09-07,Beauty,137.73,AU,2025-09-01
2650,438,2025-11-17,Garden,44.25,AU,2025-11-01
2651,339,2025-05-25,Home & Kitchen,318.02,UK,2025-05-01
2652,58,2025-05-11,Home & Kitchen,84.7,CA,2025-05-01
2653,359,2025-07-27,Sports,58.96,DE,2025-07-01
2654,251,2025-03-05,Toys,74.86,US,2025-03-01
2655,232,2025-01-18,Groceries,97.74,CA,2025-01-01
2656,16,2025-09-30,Sports,224.95,DE,2025-09-01
2657,428,2025-12-19,Garden,209.03,IN,2025-12-01
2658,266,2025-11-03,Electronics,568.7,IN,2025-11-01
2659,315,2025-01-04,Beauty,85.25,CA,2025-01-01
2660,392,2025-01-10,Books,14.83,CA,2025-01-01
2661,319,2025-12-22,Electronics,350.31,DE,2025-12-01
2662,148,2025-05-24,Clothing,196.63,US,2025-05-01
2663,18,2025-07-18,Clothing,195.91,US,2025-07-01
2664,500,2025-07-17,Books,75.99,IN,2025-07-01
2665,38,2025-07-05,Sports,156.82,US,2025-07-01
2666,231,2025-09-17,Beauty,136.62,IN,2025-09-01
2667,384,2025-05-07,Beauty,80.06,DE,2025-05-01
2668,287,2025-03-28,Books,23.82,CA,2025-03-01
2669,290,2025-04-09,Groceries,30.14,UK,2025-04-01
2670,117,2025-02-14,Beauty,69.34,US,2025-02-01
2671,433,2025-12-02,Beauty,71.24,IN,2025-12-01
2672,443,2025-09-12,Toys,78.31,AU,2025-09-01
2673,475,2025-08-18,Electronics,643.71,CA,2025-08-01
2674,76,2025-11-15,Clothing,75.04,AU,2025-11-01
2675,333,2025-04-14,Clothing,40.06,DE,2025-04-01
2676,28,2025-07-30,Toys,12.03,DE,2025-07-01
2677,178,2025-03-29,Toys,132.71,AU,2025-03-01
2678,156,2025-04-26,Beauty,70.2,IN,2025-04-01
2679,382,2025-04-01,Groceries,33.72,UK,2025-04-01
2680,172,2025-07-05,Sports,103.49,US,2025-07-01
2681,7,2025-04-10,Clothing,29.38,DE,2025-04-01
2682,234,2025-03-18,Home & Kitchen,49.23,US,2025-03-01
2683,231,2025-04-22,Books,91.7,IN,2025-04-01
2684,93,2025-07-22,Beauty,84.21,DE,2025-07-01
2685,74,2025-02-24,Electronics,610,CA,2025-02-01
2686,328,2025-03-12,Clothing,168.06,DE,2025-03-01
2687,460,2025-11-05,Furniture,477.01,US,2025-11-01
2688,46,2025-07-23,Garden,100.66,US,2025-07-01
2689,32,2025-03-31,Beauty,69.43,DE,2025-03-01
2690,85,2025-03-25,Electronics,223.96,AU,2025-03-01
2691,95,2025-12-20,Sports,218.92,UK,2025-12-01
2692,186,2025-10-16,Toys,17.61,CA,2025-10-01
2693,147,2025-06-10,Groceries,11.46,IN,2025-06-01
2694,231,2025-10-15,Groceries,111.46,IN,2025-10-01
2695,344,2025-10-08,Toys,133.09,AU,2025-10-01
2696,73,2025-12-21,Books,82.89,IN,2025-12-01
2697,136,2025-03-16,Electronics,275.84,AU,2025-03-01
2698,98,2025-11-17,Home & Kitchen,266.28,DE,2025-11-01
2699,218,2025-07-24,Home & Kitchen,255.75,AU,2025-07-01
2700,477,2025-10-05,Sports,60.8,AU,2025-10-01
2701,41,2025-01-14,Sports,225.27,IN,2025-01-01
2702,42,2025-08-08,Toys,56.86,CA,2025-08-01
2703,368,2025-07-27,Groceries,112.19,IN,2025-07-01
2704,295,2025-08-14,Home & Kitchen,193.17,DE,2025-08-01
2705,279,2025-03-28,Electronics,730.62,DE,2025-03-01
2706,155,2025-03-12,Beauty,117.92,IN,2025-03-01
2707,260,2025-05-01,Books,33.1,AU,2025-05-01
2708,290,2025-03-01,Beauty,49.28,UK,2025-03-01
2709,410,2025-08-18,Sports,205.56,UK,2025-08-01
2710,47,2025-02-26,Electronics,516.36,UK,2025-02-01
2711,192,2025-02-24,Books,62.23,AU,2025-02-01
2712,321,2025-01-29,Groceries,24.43,DE,2025-01-01
2713,199,2025-09-08,Beauty,38.44,DE,2025-09-01
2714,145,2025-12-06,Electronics,413.73,AU,2025-12-01
2715,127,2025-06-02,Beauty,32.58,CA,2025-06-01
2716,223,2025-07-06,Electronics,98.52,UK,2025-07-01
2717,427,2025-06-17,Home & Kitchen,167.68,AU,2025-06-01
2718,420,2025-02-15,Clothing,175.32,IN,2025-02-01
2719,228,2025-04-30,Home & Kitchen,321.66,UK,2025-04-01
2720,166,2025-06-21,Garden,179.65,CA,2025-06-01
2721,340,2025-06-23,Beauty,24.04,UK,2025-06-01
2722,60,2025-09-29,Electronics,312.84,UK,2025-09-01
2723,17,2025-06-04,Furniture,603.52,DE,2025-06-01
2724,192,2025-03-03,Garden,222.23,AU,2025-03-01
2725,495,2025-06-05,Electronics,475.38,DE,2025-06-01
2726,361,2025-01-15,Furniture,339.15,CA,2025-01-01
2727,238,2025-09-02,Sports,126.29,AU,2025-09-01
2728,488,2025-06-22,Garden,103.18,IN,2025-06-01
2729,494,2025-09-14,Sports,235.61,DE,2025-09-01
2730,59,2025-02-03,Furniture,291.97,US,2025-02-01
2731,154,2025-07-06,Electronics,758.4,IN,2025-07-01
2732,81,2025-04-24,Electronics,375.42,US,2025-04-01
2733,241,2025-12-18,Electronics,757.64,CA,2025-12-01
2734,32,2025-06-10,Home & Kitchen,246.7,DE,2025-06-01
2735,218,2025-06-20,Home & Kitchen,304.26,AU,2025-06-01
2736,327,2025-12-31,Beauty,11.29,AU,2025-12-01
2737,325,2025-10-10,Home & Kitchen,206.89,US,2025-10-01
2738,113,2025-12-25,Groceries,62.65,DE,2025-12-01
2739,157,2025-10-18,Books,55.53,AU,2025-10-01
2740,344,2025-09-13,Home & Kitchen,206.57,AU,2025-09-01
2741,384,2025-04-03,Home & Kitchen,339.79,DE,2025-04-01
2742,277,2025-10-04,Furniture,911.57,CA,2025-10-01
2743,48,2025-11-27,Sports,171.33,CA,2025-11-01
2744,341,2025-06-14,Furniture,481.95,UK,2025-06-01
2745,421,2025-11-05,Home & Kitchen,39.46,DE,2025-11-01
2746,395,2025-03-07,Books,61.07,IN,2025-03-01
2747,241,2025-01-13,Garden,183.03,CA,2025-01-01
2748,186,2025-05-26,Toys,123.63,CA,2025-05-01
2749,480,2025-08-11,Garden,68.65,IN,2025-08-01
2750,215,2025-01-22,Beauty,33.15,US,2025-01-01
2751,11,2025-10-06,Toys,129.52,AU,2025-10-01
2752,87,2025-08-07,Groceries,67.33,US,2025-08-01
2753,484,2025-06-18,Groceries,16.63,IN,2025-06-01
2754,150,2025-05-09,Clothing,33.39,DE,2025-05-01
2755,92,2025-12-01,Garden,47.72,CA,2025-12-01
2756,498,2025-07-15,Furniture,812.41,AU,2025-07-01
2757,273,2025-02-25,Clothing,187.56,US,2025-02-01
2758,335,2025-11-14,Electronics,112.82,US,2025-11-01
2759,34,2025-10-24,Electronics,331.96,IN,2025-10-01
2760,97,2025-10-20,Books,41.05,CA,2025-10-01
2761,329,2025-01-27,Clothing,109.47,AU,2025-01-01
2762,291,2025-09-25,Toys,32.69,AU,2025-09-01
2763,4,2025-03-07,Garden,158.22,UK,2025-03-01
2764,246,2025-12-24,Books,86.3,AU,2025-12-01
2765,118,2025-06-24,Clothing,83.94,DE,2025-06-01
2766,41,2025-08-06,Beauty,116.8,IN,2025-08-01
2767,377,2025-01-16,Electronics,524.86,UK,2025-01-01
2768,331,2025-01-13,Toys,36.21,UK,2025-01-01
2769,467,2025-05-26,Home & Kitchen,294.77,UK,2025-05-01
2770,297,2025-11-22,Books,48.29,DE,2025-11-01
2771,426,2025-12-31,Electronics,487.49,DE,2025-12-01
2772,272,2025-01-21,Groceries,90.01,US,2025-01-01
2773,108,2025-08-24,Garden,136.19,AU,2025-08-01
2774,13,2025-04-22,Books,21.99,UK,2025-04-01
2775,408,2025-07-30,Beauty,46.86,AU,2025-07-01
2776,342,2025-12-06,Garden,168.31,CA,2025-12-01
2777,380,2025-05-22,Toys,93.55,CA,2025-05-01
2778,461,2025-11-09,Toys,83.49,AU,2025-11-01
2779,431,2025-08-30,Books,59.29,AU,2025-08-01
2780,247,2025-07-15,Sports,242.34,US,2025-07-01
2781,260,2025-01-17,Beauty,140.52,AU,2025-01-01
2782,200,2025-12-07,Books,28.57,UK,2025-12-01
2783,382,2025-05-23,Toys,100.69,UK,2025-05-01
2784,394,2025-02-16,Garden,264.29,UK,2025-02-01
2785,383,2025-12-31,Books,97.59,DE,2025-12-01
2786,37,2025-01-16,Garden,148.55,US,2025-01-01
2787,274,2025-01-09,Furniture,686.93,UK,2025-01-01
2788,78,2025-12-09,Furniture,867.38,US,2025-12-01
2789,102,2025-12-31,Home & Kitchen,120.52,IN,2025-12-01
2790,249,2025-07-16,Groceries,50.28,IN,2025-07-01
2791,150,2025-09-17,Furniture,612.77,DE,2025-09-01
2792,349,2025-09-13,Garden,269.37,US,2025-09-01
2793,403,2025-07-18,Books,90.89,IN,2025-07-01
2794,255,2025-11-09,Books,35.45,US,2025-11-01
2795,120,2025-02-10,Beauty,103.07,UK,2025-02-01
2796,211,2025-12-22,Furniture,694.78,IN,2025-12-01
2797,434,2025-01-14,Sports,237.89,US,2025-01-01
2798,294,2025-10-31,Garden,278.24,IN,2025-10-01
2799,168,2025-12-27,Furniture,507.44,DE,2025-12-01
2800,135,2025-04-12,Beauty,61.13,US,2025-04-01
2801,351,2025-09-21,Sports,32.97,US,2025-09-01
2802,236,2025-03-05,Groceries,41.73,AU,2025-03-01
2803,36,2025-08-19,Toys,68.5,CA,2025-08-01
2804,268,2025-10-23,Toys,48.12,CA,2025-10-01
2805,113,2025-03-30,Clothing,119.79,DE,2025-03-01
2806,138,2025-09-19,Clothing,150.86,US,2025-09-01
2807,232,2025-04-19,Toys,146.57,CA,2025-04-01
2808,188,2025-08-16,Furniture,253.42,UK,2025-08-01
2809,138,2025-05-26,Furniture,783.53,US,2025-05-01
2810,463,2025-03-20,Groceries,60.1,IN,2025-03-01
2811,330,2025-02-16,Garden,27.42,US,2025-02-01
2812,93,2025-02-17,Toys,64.52,DE,2025-02-01
2813,331,2025-02-16,Beauty,125.82,UK,2025-02-01
2814,242,2025-03-24,Sports,101.11,US,2025-03-01
2815,372,2025-01-16,Clothing,114.92,US,2025-01-01
2816,428,2025-07-02,Clothing,162.64,IN,2025-07-01
2817,317,2025-02-16,Electronics,728.35,CA,2025-02-01
2818,125,2025-01-27,Clothing,55.56,CA,2025-01-01
2819,54,2025-09-29,Clothing,95.17,US,2025-09-01
2820,194,2025-11-07,Electronics,70.54,DE,2025-11-01
2821,161,2025-07-21,Garden,109.25,IN,2025-07-01
2822,277,2025-04-10,Books,69.21,CA,2025-04-01
2823,147,2025-08-13,Toys,45.6,IN,2025-08-01
2824,463,2025-09-03,Home & Kitchen,271.32,IN,2025-09-01
2825,45,2025-07-14,Toys,81.15,AU,2025-07-01
2826,134,2025-08-01,Books,50.36,DE,2025-08-01
2827,195,2025-08-04,Electronics,334.13,US,2025-08-01
2828,90,2025-08-30,Garden,75.8,DE,2025-08-01
2829,491,2025-05-14,Furniture,401.19,AU,2025-05-01
2830,377,2025-09-02,Toys,131.09,UK,2025-09-01
2831,164,2025-05-26,Books,19.57,AU,2025-05-01
2832,74,2025-11-14,Books,74.3,CA,2025-11-01
2833,495,2025-11-14,Home & Kitchen,67.2,DE,2025-11-01
2834,323,2025-04-24,Groceries,99.98,UK,2025-04-01
2835,260,2025-04-19,Sports,234.67,AU,2025-04-01
2836,294,2025-06-07,Furniture,445.8,IN,2025-06-01
2837,79,2025-04-26,Home & Kitchen,342.87,IN,2025-04-01
2838,246,2025-12-17,Home & Kitchen,29.55,AU,2025-12-01
2839,423,2025-08-04,Home & Kitchen,140.25,AU,2025-08-01
2840,450,2025-02-24,Groceries,43.97,AU,2025-02-01
2841,472,2025-04-06,Books,20.23,DE,2025-04-01
2842,244,2025-10-04,Sports,244.67,DE,2025-10-01
2843,369,2025-02-19,Books,33.64,UK,2025-02-01
2844,13,2025-08-13,Electronics,515.32,UK,2025-08-01
2845,319,2025-05-12,Garden,81.67,DE,2025-05-01
2846,95,2025-05-12,Groceries,92.19,UK,2025-05-01
2847,408,2025-05-14,Sports,109.64,AU,2025-05-01
2848,326,2025-03-13,Garden,20.33,IN,2025-03-01
2849,322,2025-10-19,Books,59.64,IN,2025-10-01
2850,158,2025-06-08,Beauty,113.29,US,2025-06-01
2851,140,2025-08-08,Garden,163.32,CA,2025-08-01
2852,346,2025-08-23,Home & Kitchen,139.78,CA,2025-08-01
2853,250,2025-02-18,Groceries,83.62,UK,2025-02-01
2854,297,2025-07-28,Garden,45.33,DE,2025-07-01
2855,128,2025-09-09,Sports,34.31,DE,2025-09-01
2856,233,2025-04-03,Books,57.02,UK,2025-04-01
2857,187,2025-03-21,Home & Kitchen,346.61,US,2025-03-01
2858,300,2025-10-04,Furniture,574.96,UK,2025-10-01
2859,371,2025-05-16,Beauty,29.29,IN,2025-05-01
2860,386,2025-03-16,Garden,249.04,AU,2025-03-01
2861,102,2025-12-30,Electronics,560.62,IN,2025-12-01
2862,188,2025-05-25,Sports,36.44,UK,2025-05-01
2863,171,2025-09-15,Beauty,48.78,AU,2025-09-01
2864,425,2025-03-30,Furniture,704.15,UK,2025-03-01
2865,115,2025-01-09,Sports,102.35,DE,2025-01-01
2866,110,2025-12-27,Clothing,50.7,AU,2025-12-01
2867,184,2025-04-19,Furniture,539.83,UK,2025-04-01
2868,332,2025-01-02,Books,76.18,AU,2025-01-01
2869,321,2025-08-04,Electronics,167.42,DE,2025-08-01
2870,411,2025-06-06,Furniture,815.78,US,2025-06-01
2871,418,2025-12-07,Garden,215.47,AU,2025-12-01
2872,178,2025-11-15,Beauty,43.89,AU,2025-11-01
2873,39,2025-04-05,Beauty,79.31,UK,2025-04-01
2874,156,2025-03-20,Toys,55.27,IN,2025-03-01
2875,325,2025-11-22,Furniture,347.29,US,2025-11-01
2876,431,2025-08-26,Garden,199.47,AU,2025-08-01
2877,413,2025-01-22,Garden,28.49,AU,2025-01-01
2878,182,2025-01-16,Beauty,57.87,UK,2025-01-01
2879,21,2025-02-25,Sports,77.65,US,2025-02-01
2880,197,2025-10-19,Furniture,342.66,CA,2025-10-01
2881,12,2025-07-01,Groceries,135.55,US,2025-07-01
2882,36,2025-09-05,Toys,81.4,CA,2025-09-01
2883,349,2025-05-03,Toys,54.3,US,2025-05-01
2884,452,2025-07-04,Home & Kitchen,321.38,DE,2025-07-01
2885,232,2025-08-07,Groceries,8.77,CA,2025-08-01
2886,409,2025-09-14,Groceries,64.08,UK,2025-09-01
2887,129,2025-08-14,Furniture,722.24,IN,2025-08-01
2888,154,2025-07-05,Books,51.02,IN,2025-07-01
2889,308,2025-02-22,Furniture,790.36,UK,2025-02-01
2890,448,2025-06-19,Garden,278.75,IN,2025-06-01
2891,464,2025-10-01,Groceries,135.86,AU,2025-10-01
2892,79,2025-12-13,Toys,32.1,IN,2025-12-01
2893,398,2025-11-24,Beauty,33.58,IN,2025-11-01
2894,458,2025-12-23,Toys,87.32,CA,2025-12-01
2895,348,2025-04-10,Furniture,860.31,AU,2025-04-01
2896,176,2025-02-07,Beauty,34.72,CA,2025-02-01
2897,270,2025-06-14,Clothing,69.2,UK,2025-06-01
2898,61,2025-02-26,Groceries,70.66,IN,2025-02-01
2899,461,2025-05-19,Beauty,26.92,AU,2025-05-01
2900,8,2025-02-19,Groceries,142.4,CA,2025-02-01
2901,347,2025-11-02,Beauty,10.18,IN,2025-11-01
2902,274,2025-05-25,Groceries,122.4,UK,2025-05-01
2903,248,2025-09-07,Beauty,143.47,UK,2025-09-01
2904,15,2025-04-09,Beauty,24.55,CA,2025-04-01
2905,311,2025-03-31,Books,17.62,IN,2025-03-01
2906,418,2025-08-04,Beauty,138.72,AU,2025-08-01
2907,213,2025-06-18,Groceries,114.59,US,2025-06-01
2908,25,2025-05-21,Beauty,70.31,UK,2025-05-01
2909,378,2025-12-24,Groceries,106.47,IN,2025-12-01
2910,186,2025-09-21,Books,20.98,CA,2025-09-01
2911,203,2025-07-15,Groceries,106.29,CA,2025-07-01
2912,1,2025-11-16,Groceries,29.9,DE,2025-11-01
2913,54,2025-11-21,Books,61.09,US,2025-11-01
2914,205,2025-01-15,Electronics,118.98,DE,2025-01-01
2915,40,2025-11-09,Sports,144.61,DE,2025-11-01
2916,328,2025-11-17,Groceries,7.53,DE,2025-11-01
2917,274,2025-04-28,Furniture,447.29,UK,2025-04-01
2918,423,2025-12-19,Sports,162.83,AU,2025-12-01
2919,216,2025-01-08,Groceries,31.78,CA,2025-01-01
2920,173,2025-10-28,Sports,25.9,IN,2025-10-01
2921,335,2025-05-14,Sports,176.45,US,2025-05-01
2922,360,2025-06-14,Electronics,493.61,CA,2025-06-01
2923,90,2025-05-18,Furniture,143.24,DE,2025-05-01
2924,80,2025-11-19,Clothing,70.99,AU,2025-11-01
2925,494,2025-10-24,Furniture,499.21,DE,2025-10-01
2926,24,2025-10-14,Electronics,67.95,UK,2025-10-01
2927,112,2025-08-11,Groceries,74.92,AU,2025-08-01
2928,172,2025-03-05,Home & Kitchen,75.07,US,2025-03-01
2929,352,2025-03-02,Furniture,930.98,UK,2025-03-01
2930,336,2025-05-30,Books,44.16,UK,2025-05-01
2931,171,2025-06-28,Clothing,79.32,AU,2025-06-01
2932,197,2025-09-16,Clothing,178.09,CA,2025-09-01
2933,132,2025-01-27,Books,76.67,IN,2025-01-01
2934,154,2025-07-04,Groceries,134.21,IN,2025-07-01
2935,185,2025-02-09,Clothing,43.57,CA,2025-02-01
2936,78,2025-03-21,Books,65.94,US,2025-03-01
2937,456,2025-07-15,Clothing,87.98,CA,2025-07-01
2938,470,2025-10-07,Books,43.19,CA,2025-10-01
2939,463,2025-05-04,Home & Kitchen,109.18,IN,2025-05-01
2940,158,2025-07-04,Electronics,265.2,US,2025-07-01
2941,427,2025-12-28,Furniture,981.56,AU,2025-12-01
2942,56,2025-03-16,Electronics,501.24,US,2025-03-01
2943,95,2025-08-31,Beauty,112.65,UK,2025-08-01
2944,180,2025-09-15,Books,32.99,CA,2025-09-01
2945,330,2025-06-08,Groceries,117.7,US,2025-06-01
2946,83,2025-11-25,Clothing,49.03,US,2025-11-01
2947,96,2025-10-07,Sports,161.16,CA,2025-10-01
2948,133,2025-05-09,Sports,79.45,CA,2025-05-01
2949,129,2025-01-22,Books,40.05,IN,2025-01-01
2950,76,2025-04-15,Home & Kitchen,234.51,AU,2025-04-01
2951,146,2025-11-04,Furniture,375.14,AU,2025-11-01
2952,134,2025-06-22,Books,72.86,DE,2025-06-01
2953,320,2025-12-12,Clothing,178.39,US,2025-12-01
2954,499,2025-08-28,Groceries,100.28,IN,2025-08-01
2955,207,2025-07-11,Garden,23.82,IN,2025-07-01
2956,351,2025-05-25,Home & Kitchen,28.24,US,2025-05-01
2957,178,2025-06-18,Garden,277.54,AU,2025-06-01
2958,472,2025-02-25,Electronics,62.74,DE,2025-02-01
2959,170,2025-01-22,Toys,149.47,AU,2025-01-01
2960,417,2025-09-16,Toys,46.93,DE,2025-09-01
2961,378,2025-04-03,Garden,143.57,IN,2025-04-01
2962,350,2025-07-02,Sports,92.64,UK,2025-07-01
2963,29,2025-11-04,Garden,51.07,IN,2025-11-01
2964,446,2025-12-25,Sports,227.52,UK,2025-12-01
2965,6,2025-08-14,Toys,73.02,AU,2025-08-01
2966,232,2025-04-08,Toys,40.51,CA,2025-04-01
2967,315,2025-07-30,Clothing,33.17,CA,2025-07-01
2968,405,2025-06-02,Clothing,150.16,CA,2025-06-01
2969,281,2025-04-28,Groceries,49.71,UK,2025-04-01
2970,105,2025-05-27,Electronics,628.27,AU,2025-05-01
2971,480,2025-07-01,Books,56.81,IN,2025-07-01
2972,370,2025-06-17,Clothing,90.92,US,2025-06-01
2973,271,2025-03-31,Furniture,624.1,CA,2025-03-01
2974,72,2025-10-09,Furniture,615.79,UK,2025-10-01
2975,278,2025-12-21,Home & Kitchen,319.69,US,2025-12-01
2976,214,2025-02-03,Home & Kitchen,43.96,US,2025-02-01
2977,421,2025-09-30,Beauty,30.51,DE,2025-09-01
2978,316,2025-03-01,Garden,242.3,DE,2025-03-01
2979,50,2025-05-21,Toys,27.05,IN,2025-05-01
2980,8,2025-10-03,Clothing,113.83,CA,2025-10-01
2981,372,2025-07-20,Groceries,109.57,US,2025-07-01
2982,468,2025-02-05,Books,13.53,UK,2025-02-01
2983,36,2025-02-15,Beauty,86.58,CA,2025-02-01
2984,169,2025-11-02,Toys,18.06,CA,2025-11-01
2985,75,2025-03-08,Groceries,12.62,CA,2025-03-01
2986,312,2025-01-12,Furniture,532.7,US,2025-01-01
2987,159,2025-06-17,Home & Kitchen,47.17,UK,2025-06-01
2988,80,2025-08-19,Toys,78.89,AU,2025-08-01
2989,266,2025-06-26,Books,27.11,IN,2025-06-01
2990,228,2025-04-18,Garden,107.7,UK,2025-04-01
2991,161,2025-06-30,Sports,63.95,IN,2025-06-01
2992,139,2025-06-02,Garden,184.58,UK,2025-06-01
2993,322,2025-08-23,Groceries,107.79,IN,2025-08-01
2994,392,2025-09-11,Clothing,109.62,CA,2025-09-01
2995,118,2025-06-06,Garden,157.08,DE,2025-06-01
2996,279,2025-11-13,Sports,46.91,DE,2025-11-01
2997,365,2025-01-31,Beauty,117.87,AU,2025-01-01
2998,242,2025-02-21,Beauty,67.1,US,2025-02-01
2999,42,2025-02-24,Electronics,653.74,CA,2025-02-01
3000,285,2025-07-30,Books,13.5,CA,2025-07-01
3001,127,2025-05-05,Sports,140.78,CA,2025-05-01
3002,479,2025-01-16,Garden,95.06,AU,2025-01-01
3003,180,2025-06-27,Home & Kitchen,251.07,CA,2025-06-01
3004,128,2025-07-14,Clothing,147.23,DE,2025-07-01
3005,213,2025-08-01,Clothing,166.29,US,2025-08-01
3006,435,2025-03-15,Toys,35.2,US,2025-03-01
3007,260,2025-12-31,Beauty,115.16,AU,2025-12-01
3008,173,2025-10-29,Home & Kitchen,48.16,IN,2025-10-01
3009,271,2025-05-27,Electronics,500.83,CA,2025-05-01
3010,419,2025-05-22,Books,28.23,IN,2025-05-01
3011,251,2025-12-06,Clothing,176.85,US,2025-12-01
3012,178,2025-11-20,Electronics,683.19,AU,2025-11-01
3013,32,2025-08-29,Home & Kitchen,25.54,DE,2025-08-01
3014,452,2025-03-19,Furniture,971.5,DE,2025-03-01
3015,210,2025-01-12,Books,41.73,UK,2025-01-01
3016,492,2025-09-21,Clothing,81.69,DE,2025-09-01
3017,17,2025-05-30,Beauty,99.04,DE,2025-05-01
3018,235,2025-09-15,Electronics,560.72,IN,2025-09-01
3019,202,2025-04-30,Books,62.38,AU,2025-04-01
3020,495,2025-11-15,Books,64.75,DE,2025-11-01
3021,84,2025-05-15,Sports,114.75,DE,2025-05-01
3022,319,2025-10-21,Garden,77.93,DE,2025-10-01
3023,400,2025-10-03,Home & Kitchen,244.73,US,2025-10-01
3024,287,2025-04-23,Home & Kitchen,334.64,CA,2025-04-01
3025,100,2025-01-02,Home & Kitchen,248.95,UK,2025-01-01
3026,110,2025-06-22,Beauty,118.53,AU,2025-06-01
3027,70,2025-07-27,Clothing,26.32,UK,2025-07-01
3028,325,2025-05-16,Books,74.94,US,2025-05-01
3029,34,2025-01-26,Books,64.25,IN,2025-01-01
3030,340,2025-07-06,Home & Kitchen,167.21,UK,2025-07-01
3031,461,2025-01-16,Furniture,178.34,AU,2025-01-01
3032,150,2025-08-09,Furniture,472.47,DE,2025-08-01
3033,395,2025-09-24,Sports,111.22,IN,2025-09-01
3034,386,2025-12-04,Sports,96.22,AU,2025-12-01
3035,357,2025-06-07,Electronics,261.09,IN,2025-06-01
3036,413,2025-06-24,Sports,127.59,AU,2025-06-01
3037,131,2025-11-19,Beauty,53.94,AU,2025-11-01
3038,121,2025-10-05,Sports,103.15,AU,2025-10-01
3039,325,2025-07-10,Groceries,51.67,US,2025-07-01
3040,388,2025-08-25,Garden,99.22,US,2025-08-01
3041,62,2025-08-26,Toys,70.73,IN,2025-08-01
3042,403,2025-04-22,Furniture,924.39,IN,2025-04-01
3043,379,2025-05-06,Furniture,619.32,DE,2025-05-01
3044,111,2025-06-01,Clothing,112.41,AU,2025-06-01
3045,325,2025-01-30,Clothing,23.41,US,2025-01-01
3046,18,2025-12-31,Clothing,193.47,US,2025-12-01
3047,472,2025-10-11,Sports,172.64,DE,2025-10-01
3048,142,2025-03-24,Electronics,83.48,IN,2025-03-01
3049,457,2025-11-03,Toys,146.64,UK,2025-11-01
3050,222,2025-08-31,Toys,130.96,UK,2025-08-01
3051,376,2025-10-30,Furniture,736.51,UK,2025-10-01
3052,221,2025-02-16,Electronics,91.19,US,2025-02-01
3053,184,2025-03-21,Furniture,651.87,UK,2025-03-01
3054,395,2025-03-09,Toys,22.13,IN,2025-03-01
3055,479,2025-02-24,Furniture,756.96,AU,2025-02-01
3056,189,2025-06-08,Electronics,127.15,CA,2025-06-01
3057,163,2025-10-22,Home & Kitchen,84.33,US,2025-10-01
3058,171,2025-05-28,Garden,143.65,AU,2025-05-01
3059,114,2025-12-27,Garden,289.13,AU,2025-12-01
3060,126,2025-07-14,Furniture,160.91,AU,2025-07-01
3061,436,2025-06-20,Electronics,644.44,IN,2025-06-01
3062,38,2025-12-01,Groceries,106.5,US,2025-12-01
3063,193,2025-05-19,Groceries,33.48,UK,2025-05-01
3064,326,2025-01-02,Books,50.95,IN,2025-01-01
3065,26,2025-04-22,Garden,297.48,US,2025-04-01
3066,252,2025-10-26,Garden,297.5,CA,2025-10-01
3067,260,2025-06-23,Groceries,116.42,AU,2025-06-01
3068,338,2025-03-16,Books,82.5,AU,2025-03-01
3069,171,2025-01-21,Garden,103.48,AU,2025-01-01
3070,372,2025-09-20,Toys,91.96,US,2025-09-01
3071,253,2025-08-08,Beauty,122.24,CA,2025-08-01
3072,107,2025-05-30,Home & Kitchen,230.18,IN,2025-05-01
3073,254,2025-07-05,Beauty,138.63,US,2025-07-01
3074,470,2025-10-29,Books,98.29,CA,2025-10-01
3075,302,2025-09-14,Clothing,36.66,US,2025-09-01
3076,414,2025-12-12,Sports,208.75,IN,2025-12-01
3077,70,2025-03-10,Books,20.21,UK,2025-03-01
3078,452,2025-07-17,Toys,114.76,DE,2025-07-01
3079,12,2025-01-26,Garden,269.9,US,2025-01-01
3080,368,2025-05-12,Clothing,37.1,IN,2025-05-01
3081,181,2025-04-29,Furniture,649.31,US,2025-04-01
3082,251,2025-02-12,Toys,50.39,US,2025-02-01
3083,29,2025-11-12,Groceries,92.33,IN,2025-11-01
3084,245,2025-01-31,Beauty,60.19,US,2025-01-01
3085,42,2025-11-06,Clothing,105.09,CA,2025-11-01
3086,458,2025-07-26,Home & Kitchen,249.96,CA,2025-07-01
3087,52,2025-08-27,Clothing,144.34,UK,2025-08-01
3088,391,2025-06-26,Garden,23.25,IN,2025-06-01
3089,327,2025-09-20,Sports,96.48,AU,2025-09-01
3090,488,2025-05-30,Furniture,263.19,IN,2025-05-01
3091,103,2025-03-24,Clothing,165.54,UK,2025-03-01
3092,215,2025-12-10,Electronics,775.18,US,2025-12-01
3093,112,2025-11-27,Electronics,79.13,AU,2025-11-01
3094,360,2025-03-04,Toys,135.26,CA,2025-03-01
3095,419,2025-03-17,Beauty,124.34,IN,2025-03-01
3096,390,2025-09-26,Clothing,117.69,IN,2025-09-01
3097,425,2025-07-20,Toys,43.92,UK,2025-07-01
3098,287,2025-05-24,Groceries,132.01,CA,2025-05-01
3099,130,2025-06-13,Garden,288.94,IN,2025-06-01
3100,123,2025-04-15,Home & Kitchen,98.88,DE,2025-04-01
3101,429,2025-06-11,Electronics,529.87,UK,2025-06-01
3102,376,2025-05-01,Sports,249.53,UK,2025-05-01
3103,242,2025-11-06,Toys,109.99,US,2025-11-01
3104,286,2025-06-24,Groceries,118.51,UK,2025-06-01
3105,127,2025-12-12,Groceries,64.04,CA,2025-12-01
3106,255,2025-02-05,Toys,80.22,US,2025-02-01
3107,257,2025-01-06,Garden,131.75,CA,2025-01-01
3108,367,2025-06-09,Beauty,40.25,CA,2025-06-01
3109,253,2025-04-28,Sports,41.07,CA,2025-04-01
3110,8,2025-05-30,Home & Kitchen,254.54,CA,2025-05-01
3111,62,2025-06-11,Toys,10.85,IN,2025-06-01
3112,427,2025-02-20,Home & Kitchen,45,AU,2025-02-01
3113,173,2025-02-20,Electronics,213.64,IN,2025-02-01
3114,234,2025-06-10,Garden,217.37,US,2025-06-01
3115,468,2025-07-12,Groceries,108.34,UK,2025-07-01
3116,301,2025-10-27,Beauty,131.68,DE,2025-10-01
3117,105,2025-11-28,Books,95.16,AU,2025-11-01
3118,101,2025-10-17,Clothing,57.66,UK,2025-10-01
3119,227,2025-11-15,Toys,101.88,CA,2025-11-01
3120,489,2025-03-03,Clothing,152.18,UK,2025-03-01
3121,116,2025-04-22,Groceries,90.4,AU,2025-04-01
3122,65,2025-12-28,Clothing,117.85,DE,2025-12-01
3123,137,2025-12-14,Beauty,24.94,UK,2025-12-01
3124,31,2025-04-28,Garden,256.1,US,2025-04-01
3125,6,2025-04-23,Furniture,920.9,AU,2025-04-01
3126,362,2025-01-10,Groceries,109.61,AU,2025-01-01
3127,70,2025-01-27,Furniture,230.89,UK,2025-01-01
3128,187,2025-11-15,Home & Kitchen,256.83,US,2025-11-01
3129,459,2025-05-27,Home & Kitchen,320.73,UK,2025-05-01
3130,480,2025-02-14,Toys,141.06,IN,2025-02-01
3131,388,2025-06-17,Beauty,141.9,US,2025-06-01
3132,254,2025-07-05,Sports,92.72,US,2025-07-01
3133,11,2025-10-11,Home & Kitchen,33.47,AU,2025-10-01
3134,396,2025-06-30,Sports,130.94,UK,2025-06-01
3135,89,2025-03-26,Electronics,71.58,AU,2025-03-01
3136,91,2025-08-05,Groceries,112.3,AU,2025-08-01
3137,400,2025-11-25,Furniture,400.96,US,2025-11-01
3138,277,2025-03-26,Garden,197.48,CA,2025-03-01
3139,251,2025-03-03,Beauty,31.25,US,2025-03-01
3140,287,2025-09-05,Groceries,52.51,CA,2025-09-01
3141,146,2025-08-12,Home & Kitchen,135.72,AU,2025-08-01
3142,418,2025-04-30,Furniture,894.81,AU,2025-04-01
3143,146,2025-01-28,Garden,123.91,AU,2025-01-01
3144,328,2025-02-08,Home & Kitchen,276.7,DE,2025-02-01
3145,157,2025-07-14,Furniture,596.87,AU,2025-07-01
3146,293,2025-06-05,Furniture,606.19,DE,2025-06-01
3147,447,2025-01-11,Toys,58.51,CA,2025-01-01
3148,169,2025-09-10,Sports,217.67,CA,2025-09-01
3149,99,2025-06-05,Sports,139.6,UK,2025-06-01
3150,230,2025-08-13,Beauty,28.05,CA,2025-08-01
3151,494,2025-08-10,Toys,35.41,DE,2025-08-01
3152,101,2025-04-21,Toys,128.14,UK,2025-04-01
3153,34,2025-11-17,Beauty,145.24,IN,2025-11-01
3154,191,2025-06-09,Books,33.72,UK,2025-06-01
3155,347,2025-09-15,Home & Kitchen,227.99,IN,2025-09-01
3156,489,2025-03-21,Home & Kitchen,257.7,UK,2025-03-01
3157,260,2025-01-24,Clothing,194.97,AU,2025-01-01
3158,350,2025-10-19,Clothing,144.87,UK,2025-10-01
3159,373,2025-05-17,Toys,101.03,IN,2025-05-01
3160,204,2025-05-05,Sports,93.46,DE,2025-05-01
3161,257,2025-08-11,Home & Kitchen,256.29,CA,2025-08-01
3162,353,2025-08-04,Beauty,21,DE,2025-08-01
3163,498,2025-02-25,Furniture,833.16,AU,2025-02-01
3164,218,2025-03-12,Sports,44.63,AU,2025-03-01
3165,160,2025-08-29,Groceries,12.2,DE,2025-08-01
3166,140,2025-03-02,Electronics,566.89,CA,2025-03-01
3167,331,2025-01-10,Toys,98.75,UK,2025-01-01
3168,477,2025-10-19,Groceries,57.18,AU,2025-10-01
3169,218,2025-04-02,Garden,110.73,AU,2025-04-01
3170,396,2025-03-11,Beauty,96.88,UK,2025-03-01
3171,476,2025-08-07,Garden,257.45,US,2025-08-01
3172,128,2025-04-13,Books,36.38,DE,2025-04-01
3173,223,2025-02-04,Toys,45.99,UK,2025-02-01
3174,11,2025-02-16,Electronics,627.97,AU,2025-02-01
3175,255,2025-04-28,Toys,123.93,US,2025-04-01
3176,15,2025-11-08,Beauty,134.1,CA,2025-11-01
3177,250,2025-03-24,Groceries,76.95,UK,2025-03-01
3178,412,2025-06-09,Clothing,131.3,DE,2025-06-01
3179,382,2025-10-10,Groceries,35.03,UK,2025-10-01
3180,318,2025-07-31,Clothing,150.35,CA,2025-07-01
3181,187,2025-08-23,Toys,16.3,US,2025-08-01
3182,407,2025-03-09,Books,27.86,UK,2025-03-01
3183,453,2025-09-20,Clothing,43.86,DE,2025-09-01
3184,411,2025-05-20,Toys,120.05,US,2025-05-01
3185,439,2025-05-17,Sports,105.6,CA,2025-05-01
3186,85,2025-07-30,Electronics,317.86,AU,2025-07-01
3187,20,2025-10-16,Home & Kitchen,222.9,US,2025-10-01
3188,210,2025-05-25,Books,48.64,UK,2025-05-01
3189,419,2025-10-02,Home & Kitchen,166.99,IN,2025-10-01
3190,115,2025-04-02,Clothing,56.9,DE,2025-04-01
3191,470,2025-10-10,Electronics,350.33,CA,2025-10-01
3192,241,2025-08-15,Toys,70.97,CA,2025-08-01
3193,155,2025-10-04,Groceries,121.78,IN,2025-10-01
3194,207,2025-06-12,Toys,131.92,IN,2025-06-01
3195,323,2025-07-16,Electronics,673.4,UK,2025-07-01
3196,5,2025-09-01,Home & Kitchen,180.42,UK,2025-09-01
3197,18,2025-01-01,Electronics,297.68,US,2025-01-01
3198,440,2025-01-13,Furniture,130.08,US,2025-01-01
3199,158,2025-05-03,Home & Kitchen,126.78,US,2025-05-01
3200,458,2025-02-21,Groceries,122.32,CA,2025-02-01
3201,421,2025-11-19,Groceries,45.02,DE,2025-11-01
3202,451,2025-04-17,Furniture,934.15,US,2025-04-01
3203,424,2025-10-21,Home & Kitchen,216.27,IN,2025-10-01
3204,373,2025-07-18,Toys,90.65,IN,2025-07-01
3205,203,2025-11-07,Toys,24.1,CA,2025-11-01
3206,333,2025-11-08,Electronics,591.28,DE,2025-11-01
3207,83,2025-06-27,Clothing,56.03,US,2025-06-01
3208,292,2025-07-21,Furniture,362.26,IN,2025-07-01
3209,212,2025-01-14,Sports,207.72,CA,2025-01-01
3210,315,2025-10-04,Clothing,187.11,CA,2025-10-01
3211,95,2025-02-02,Groceries,68.82,UK,2025-02-01
3212,17,2025-01-10,Electronics,449.27,DE,2025-01-01
3213,452,2025-09-29,Home & Kitchen,276.83,DE,2025-09-01
3214,87,2025-07-20,Groceries,81.21,US,2025-07-01
3215,464,2025-01-30,Furniture,887.82,AU,2025-01-01
3216,105,2025-08-30,Groceries,64.8,AU,2025-08-01
3217,142,2025-05-15,Sports,177.63,IN,2025-05-01
3218,139,2025-08-30,Home & Kitchen,136.59,UK,2025-08-01
3219,54,2025-04-27,Garden,25.05,US,2025-04-01
3220,133,2025-01-29,Clothing,55.06,CA,2025-01-01
3221,126,2025-04-20,Clothing,24.42,AU,2025-04-01
3222,299,2025-12-16,Home & Kitchen,316.63,DE,2025-12-01
3223,268,2025-10-25,Electronics,537.86,CA,2025-10-01
3224,70,2025-11-20,Books,28.05,UK,2025-11-01
3225,163,2025-11-21,Home & Kitchen,55.75,US,2025-11-01
3226,15,2025-04-13,Groceries,138.14,CA,2025-04-01
3227,206,2025-03-24,Clothing,177.86,US,2025-03-01
3228,273,2025-07-09,Beauty,116.15,US,2025-07-01
3229,252,2025-01-21,Garden,66.11,CA,2025-01-01
3230,71,2025-05-28,Sports,163.18,US,2025-05-01
3231,449,2025-02-28,Electronics,336.73,IN,2025-02-01
3232,378,2025-01-24,Beauty,49.1,IN,2025-01-01
3233,402,2025-09-24,Home & Kitchen,321.92,DE,2025-09-01
3234,67,2025-03-07,Garden,146.54,AU,2025-03-01
3235,9,2025-05-13,Groceries,143.11,IN,2025-05-01
3236,267,2025-02-15,Books,68.77,CA,2025-02-01
3237,148,2025-01-07,Groceries,94.84,US,2025-01-01
3238,177,2025-11-11,Beauty,50.46,CA,2025-11-01
3239,151,2025-10-31,Sports,44.79,IN,2025-10-01
3240,123,2025-01-20,Books,16.35,DE,2025-01-01
3241,175,2025-06-17,Beauty,38.84,IN,2025-06-01
3242,228,2025-07-04,Toys,53.47,UK,2025-07-01
3243,114,2025-09-17,Books,59.27,AU,2025-09-01
3244,154,2025-01-20,Furniture,315.85,IN,2025-01-01
3245,227,2025-10-05,Books,69.64,CA,2025-10-01
3246,244,2025-02-08,Furniture,460.77,DE,2025-02-01
3247,420,2025-08-27,Clothing,106.03,IN,2025-08-01
3248,267,2025-05-14,Books,15.19,CA,2025-05-01
3249,217,2025-10-27,Furniture,726.5,AU,2025-10-01
3250,428,2025-07-05,Furniture,576.66,IN,2025-07-01
3251,333,2025-08-30,Garden,29.89,DE,2025-08-01
3252,466,2025-08-23,Furniture,880.29,AU,2025-08-01
3253,107,2025-06-13,Electronics,692.9,IN,2025-06-01
3254,456,2025-09-23,Groceries,35.38,CA,2025-09-01
3255,179,2025-09-04,Home & Kitchen,166.56,CA,2025-09-01
3256,336,2025-06-18,Electronics,546.6,UK,2025-06-01
3257,79,2025-01-16,Electronics,635.98,IN,2025-01-01
3258,479,2025-06-28,Electronics,558.92,AU,2025-06-01
3259,149,2025-10-22,Clothing,165.42,AU,2025-10-01
3260,95,2025-04-22,Clothing,88.84,UK,2025-04-01
3261,498,2025-09-17,Clothing,194.66,AU,2025-09-01
3262,308,2025-08-09,Groceries,106.62,UK,2025-08-01
3263,165,2025-01-08,Clothing,67.37,CA,2025-01-01
3264,327,2025-09-08,Clothing,131.35,AU,2025-09-01
3265,31,2025-10-06,Furniture,811.01,US,2025-10-01
3266,381,2025-04-04,Toys,60.18,AU,2025-04-01
3267,31,2025-09-20,Toys,132.52,US,2025-09-01
3268,434,2025-07-14,Furniture,582.93,US,2025-07-01
3269,434,2025-09-06,Home & Kitchen,227.4,US,2025-09-01
3270,234,2025-09-07,Garden,112.34,US,2025-09-01
3271,485,2025-03-26,Groceries,30.94,US,2025-03-01
3272,272,2025-07-04,Home & Kitchen,186.37,US,2025-07-01
3273,11,2025-02-11,Home & Kitchen,287.43,AU,2025-02-01
3274,137,2025-07-09,Toys,25.64,UK,2025-07-01
3275,189,2025-05-27,Toys,15.4,CA,2025-05-01
3276,201,2025-12-17,Garden,128.32,CA,2025-12-01
3277,1,2025-01-15,Furniture,135.02,DE,2025-01-01
3278,409,2025-10-24,Home & Kitchen,217.02,UK,2025-10-01
3279,178,2025-10-02,Electronics,725.08,AU,2025-10-01
3280,411,2025-06-10,Groceries,7.53,US,2025-06-01
3281,64,2025-08-31,Garden,268.35,AU,2025-08-01
3282,61,2025-03-31,Furniture,307.33,IN,2025-03-01
3283,412,2025-01-11,Books,15.06,DE,2025-01-01
3284,422,2025-11-06,Furniture,748.6,AU,2025-11-01
3285,162,2025-07-19,Books,45.52,DE,2025-07-01
3286,28,2025-12-04,Sports,69.83,DE,2025-12-01
3287,237,2025-07-25,Electronics,689.2,UK,2025-07-01
3288,459,2025-02-21,Garden,220.48,UK,2025-02-01
3289,133,2025-02-09,Toys,64.32,CA,2025-02-01
3290,441,2025-12-09,Beauty,63.85,IN,2025-12-01
3291,216,2025-11-09,Clothing,42.41,CA,2025-11-01
3292,116,2025-02-09,Groceries,50.1,AU,2025-02-01
3293,259,2025-03-18,Garden,41.92,UK,2025-03-01
3294,133,2025-07-06,Toys,96.02,CA,2025-07-01
3295,413,2025-11-13,Books,11.62,AU,2025-11-01
3296,200,2025-06-09,Toys,92.49,UK,2025-06-01
3297,131,2025-04-27,Books,64.3,AU,2025-04-01
3298,302,2025-07-03,Home & Kitchen,93.14,US,2025-07-01
3299,318,2025-01-02,Books,28.41,CA,2025-01-01
3300,270,2025-04-21,Garden,63.06,UK,2025-04-01
3301,463,2025-03-09,Clothing,140.02,IN,2025-03-01
3302,207,2025-06-07,Books,62.47,IN,2025-06-01
3303,241,2025-11-13,Electronics,289.17,CA,2025-11-01
3304,451,2025-08-29,Garden,156.2,US,2025-08-01
3305,82,2025-06-07,Beauty,106.22,AU,2025-06-01
3306,123,2025-01-18,Toys,47.33,DE,2025-01-01
3307,485,2025-03-05,Home & Kitchen,211.28,US,2025-03-01
3308,333,2025-10-15,Furniture,126.85,DE,2025-10-01
3309,130,2025-11-09,Furniture,182.77,IN,2025-11-01
3310,302,2025-06-04,Furniture,956.89,US,2025-06-01
3311,370,2025-08-03,Books,94.18,US,2025-08-01
3312,58,2025-04-04,Home & Kitchen,147.76,CA,2025-04-01
3313,230,2025-10-03,Toys,63.28,CA,2025-10-01
3314,70,2025-03-21,Garden,235.48,UK,2025-03-01
3315,16,2025-04-14,Sports,96.75,DE,2025-04-01
3316,1,2025-09-19,Sports,222.75,DE,2025-09-01
3317,291,2025-12-28,Toys,106.13,AU,2025-12-01
3318,160,2025-07-31,Groceries,13.83,DE,2025-07-01
3319,285,2025-04-17,Toys,100.35,CA,2025-04-01
3320,439,2025-03-10,Garden,167.38,CA,2025-03-01
3321,375,2025-11-17,Furniture,140.64,IN,2025-11-01
3322,19,2025-09-23,Toys,59.66,IN,2025-09-01
3323,186,2025-08-08,Beauty,79.03,CA,2025-08-01
3324,12,2025-07-22,Furniture,244.49,US,2025-07-01
3325,338,2025-04-25,Books,75.71,AU,2025-04-01
3326,68,2025-10-27,Sports,40.56,US,2025-10-01
3327,149,2025-08-01,Home & Kitchen,60.04,AU,2025-08-01
3328,110,2025-05-26,Furniture,635.49,AU,2025-05-01
3329,241,2025-01-02,Electronics,141.4,CA,2025-01-01
3330,363,2025-12-11,Groceries,61.55,DE,2025-12-01
3331,415,2025-03-06,Books,71.15,DE,2025-03-01
3332,317,2025-10-05,Home & Kitchen,310.01,CA,2025-10-01
3333,78,2025-06-13,Sports,86.96,US,2025-06-01
3334,456,2025-04-03,Groceries,29.01,CA,2025-04-01
3335,170,2025-01-05,Books,72.61,AU,2025-01-01
3336,46,2025-08-03,Electronics,573.88,US,2025-08-01
3337,159,2025-06-29,Beauty,82.81,UK,2025-06-01
3338,179,2025-06-22,Groceries,125.52,CA,2025-06-01
3339,373,2025-03-03,Clothing,38.36,IN,2025-03-01
3340,56,2025-08-01,Home & Kitchen,189.6,US,2025-08-01
3341,426,2025-01-26,Electronics,710.45,DE,2025-01-01
3342,147,2025-11-06,Beauty,45.9,IN,2025-11-01
3343,175,2025-12-26,Home & Kitchen,321.21,IN,2025-12-01
3344,209,2025-01-13,Books,11.22,US,2025-01-01
3345,17,2025-02-02,Beauty,140.85,DE,2025-02-01
3346,418,2025-09-20,Home & Kitchen,95.33,AU,2025-09-01
3347,186,2025-05-09,Sports,179.29,CA,2025-05-01
3348,232,2025-02-01,Garden,279.67,CA,2025-02-01
3349,377,2025-10-07,Furniture,401.97,UK,2025-10-01
3350,483,2025-12-29,Garden,144.06,IN,2025-12-01
3351,106,2025-11-21,Beauty,145.66,IN,2025-11-01
3352,475,2025-08-28,Beauty,149.42,CA,2025-08-01
3353,177,2025-10-14,Books,89.1,CA,2025-10-01
3354,18,2025-03-08,Books,50.05,US,2025-03-01
3355,243,2025-10-17,Furniture,392.71,IN,2025-10-01
3356,246,2025-04-26,Clothing,197.65,AU,2025-04-01
3357,323,2025-02-20,Clothing,196.6,UK,2025-02-01
3358,442,2025-09-30,Furniture,249.26,CA,2025-09-01
3359,344,2025-02-26,Groceries,21.47,AU,2025-02-01
3360,322,2025-03-17,Groceries,49.29,IN,2025-03-01
3361,429,2025-08-02,Books,16.45,UK,2025-08-01
3362,67,2025-11-05,Toys,98.76,AU,2025-11-01
3363,400,2025-07-30,Toys,13.54,US,2025-07-01
3364,478,2025-02-13,Garden,112.63,IN,2025-02-01
3365,149,2025-10-04,Beauty,135.55,AU,2025-10-01
3366,201,2025-08-15,Electronics,335.38,CA,2025-08-01
3367,496,2025-07-27,Furniture,530.3,US,2025-07-01
3368,426,2025-04-23,Groceries,75.1,DE,2025-04-01
3369,90,2025-12-25,Home & Kitchen,333.04,DE,2025-12-01
3370,209,2025-01-18,Electronics,249.79,US,2025-01-01
3371,302,2025-02-26,Books,54.58,US,2025-02-01
3372,489,2025-08-04,Clothing,43.22,UK,2025-08-01
3373,291,2025-09-23,Garden,290.3,AU,2025-09-01
3374,36,2025-08-07,Groceries,49.33,CA,2025-08-01
3375,65,2025-01-20,Toys,34.34,DE,2025-01-01
3376,497,2025-01-20,Furniture,347.76,CA,2025-01-01
3377,358,2025-10-22,Furniture,215.2,UK,2025-10-01
3378,202,2025-01-15,Clothing,196.73,AU,2025-01-01
3379,359,2025-05-17,Toys,97.74,DE,2025-05-01
3380,215,2025-07-31,Home & Kitchen,279.02,US,2025-07-01
3381,282,2025-11-16,Toys,23.14,CA,2025-11-01
3382,208,2025-01-10,Beauty,38.92,UK,2025-01-01
3383,242,2025-04-22,Sports,33.4,US,2025-04-01
3384,253,2025-02-02,Toys,101.29,CA,2025-02-01
3385,94,2025-07-22,Books,84.44,AU,2025-07-01
3386,21,2025-02-07,Home & Kitchen,336.87,US,2025-02-01
3387,420,2025-03-14,Home & Kitchen,154.51,IN,2025-03-01
3388,281,2025-09-04,Garden,24.16,UK,2025-09-01
3389,343,2025-05-19,Beauty,35.36,IN,2025-05-01
3390,183,2025-11-17,Beauty,141.21,US,2025-11-01
3391,332,2025-08-17,Garden,47.65,AU,2025-08-01
3392,55,2025-09-06,Garden,255.67,DE,2025-09-01
3393,256,2025-02-02,Clothing,107.11,CA,2025-02-01
3394,7,2025-08-30,Beauty,138.27,DE,2025-08-01
3395,21,2025-06-03,Books,59.66,US,2025-06-01
3396,89,2025-03-29,Beauty,140.66,AU,2025-03-01
3397,152,2025-04-24,Furniture,715.51,DE,2025-04-01
3398,57,2025-05-03,Sports,120.33,AU,2025-05-01
3399,91,2025-09-09,Sports,77.85,AU,2025-09-01
3400,367,2025-10-15,Clothing,184.53,CA,2025-10-01
3401,51,2025-05-03,Groceries,70.77,CA,2025-05-01
3402,38,2025-05-07,Groceries,94.44,US,2025-05-01
3403,307,2025-01-13,Sports,140.43,IN,2025-01-01
3404,498,2025-06-30,Garden,197.11,AU,2025-06-01
3405,476,2025-12-08,Electronics,129.33,US,2025-12-01
3406,443,2025-06-01,Garden,142.58,AU,2025-06-01
3407,274,2025-08-09,Clothing,194.67,UK,2025-08-01
3408,398,2025-08-13,Electronics,444.89,IN,2025-08-01
3409,230,2025-12-26,Furniture,400.47,CA,2025-12-01
3410,373,2025-11-24,Clothing,65.83,IN,2025-11-01
3411,474,2025-08-30,Groceries,121.56,UK,2025-08-01
3412,102,2025-11-03,Sports,178.18,IN,2025-11-01
3413,176,2025-01-09,Toys,19.55,CA,2025-01-01
3414,299,2025-08-06,Beauty,49.58,DE,2025-08-01
3415,305,2025-10-27,Clothing,41.58,AU,2025-10-01
3416,168,2025-07-24,Beauty,84.59,DE,2025-07-01
3417,285,2025-04-07,Clothing,180.76,CA,2025-04-01
3418,151,2025-07-04,Home & Kitchen,127.33,IN,2025-07-01
3419,249,2025-07-06,Beauty,146.01,IN,2025-07-01
3420,327,2025-10-02,Garden,247.15,AU,2025-10-01
3421,388,2025-11-02,Toys,120.94,US,2025-11-01
3422,460,2025-07-19,Sports,189.33,US,2025-07-01
3423,493,2025-07-29,Electronics,470.89,UK,2025-07-01
3424,444,2025-10-23,Groceries,75.98,AU,2025-10-01
3425,210,2025-01-22,Sports,196.39,UK,2025-01-01
3426,154,2025-07-19,Home & Kitchen,341.19,IN,2025-07-01
3427,401,2025-01-27,Furniture,137.5,CA,2025-01-01
3428,444,2025-04-27,Garden,176.81,AU,2025-04-01
3429,158,2025-02-11,Furniture,410.12,US,2025-02-01
3430,161,2025-05-06,Toys,41.1,IN,2025-05-01
3431,166,2025-01-20,Books,72.28,CA,2025-01-01
3432,162,2025-07-17,Electronics,212.12,DE,2025-07-01
3433,426,2025-04-05,Beauty,57.23,DE,2025-04-01
3434,122,2025-07-23,Home & Kitchen,249.49,AU,2025-07-01
3435,306,2025-06-14,Sports,225.3,US,2025-06-01
3436,97,2025-02-21,Furniture,566.62,CA,2025-02-01
3437,370,2025-05-05,Sports,90.54,US,2025-05-01
3438,472,2025-07-13,Garden,185.83,DE,2025-07-01
3439,248,2025-12-01,Books,27.12,UK,2025-12-01
3440,162,2025-05-15,Garden,123.23,DE,2025-05-01
3441,469,2025-09-28,Beauty,33.06,DE,2025-09-01
3442,426,2025-05-23,Garden,171.19,DE,2025-05-01
3443,331,2025-04-23,Furniture,479.75,UK,2025-04-01
3444,414,2025-02-16,Books,55.7,IN,2025-02-01
3445,392,2025-11-18,Beauty,100.72,CA,2025-11-01
3446,477,2025-09-15,Clothing,178.83,AU,2025-09-01
3447,226,2025-06-16,Toys,144.31,US,2025-06-01
3448,444,2025-08-09,Toys,11.17,AU,2025-08-01
3449,183,2025-06-12,Garden,140.55,US,2025-06-01
3450,373,2025-10-30,Toys,132.25,IN,2025-10-01
3451,334,2025-02-24,Home & Kitchen,28.46,DE,2025-02-01
3452,132,2025-10-07,Furniture,793,IN,2025-10-01
3453,249,2025-04-01,Books,32.08,IN,2025-04-01
3454,26,2025-01-17,Beauty,29.71,US,2025-01-01
3455,434,2025-07-01,Sports,218.75,US,2025-07-01
3456,108,2025-12-24,Beauty,102.1,AU,2025-12-01
3457,164,2025-07-21,Beauty,117.15,AU,2025-07-01
3458,125,2025-10-14,Toys,86.2,CA,2025-10-01
3459,337,2025-03-28,Toys,119.03,US,2025-03-01
3460,10,2025-06-22,Groceries,19.46,AU,2025-06-01
3461,435,2025-11-08,Books,36.88,US,2025-11-01
3462,122,2025-12-26,Beauty,86.63,AU,2025-12-01
3463,253,2025-02-22,Sports,96.85,CA,2025-02-01
3464,314,2025-10-25,Toys,39.26,CA,2025-10-01
3465,65,2025-08-05,Books,88.95,DE,2025-08-01
3466,398,2025-05-09,Sports,73.96,IN,2025-05-01
3467,197,2025-05-09,Beauty,64.39,CA,2025-05-01
3468,333,2025-06-20,Groceries,57.35,DE,2025-06-01
3469,79,2025-08-24,Sports,244.99,IN,2025-08-01
3470,436,2025-10-29,Home & Kitchen,245.2,IN,2025-10-01
3471,476,2025-01-26,Books,39.01,US,2025-01-01
3472,230,2025-07-17,Electronics,194.61,CA,2025-07-01
3473,444,2025-03-05,Furniture,836.53,AU,2025-03-01
3474,340,2025-10-10,Furniture,974.17,UK,2025-10-01
3475,361,2025-11-21,Sports,204.24,CA,2025-11-01
3476,148,2025-05-27,Furniture,916.84,US,2025-05-01
3477,199,2025-01-07,Electronics,358.42,DE,2025-01-01
3478,373,2025-06-13,Electronics,246.98,IN,2025-06-01
3479,288,2025-12-17,Electronics,448.87,AU,2025-12-01
3480,172,2025-08-25,Toys,33.83,US,2025-08-01
3481,21,2025-03-11,Clothing,132.35,US,2025-03-01
3482,184,2025-06-17,Toys,79.74,UK,2025-06-01
3483,416,2025-03-29,Books,89,DE,2025-03-01
3484,499,2025-08-13,Groceries,104.2,IN,2025-08-01
3485,306,2025-08-26,Garden,132.71,US,2025-08-01
3486,364,2025-09-17,Sports,152.9,AU,2025-09-01
3487,423,2025-02-15,Garden,26.3,AU,2025-02-01
3488,36,2025-05-06,Beauty,145.98,CA,2025-05-01
3489,299,2025-04-11,Garden,103.16,DE,2025-04-01
3490,478,2025-07-14,Groceries,80.54,IN,2025-07-01
3491,34,2025-01-16,Sports,243.09,IN,2025-01-01
3492,355,2025-08-10,Garden,267.89,DE,2025-08-01
3493,99,2025-12-26,Toys,135.36,UK,2025-12-01
3494,5,2025-11-27,Beauty,105.35,UK,2025-11-01
3495,293,2025-06-28,Toys,12.53,DE,2025-06-01
3496,303,2025-11-01,Clothing,133.31,CA,2025-11-01
3497,4,2025-12-31,Garden,298.79,UK,2025-12-01
3498,226,2025-08-30,Electronics,414.4,US,2025-08-01
3499,18,2025-10-02,Sports,227.85,US,2025-10-01
3500,166,2025-11-20,Groceries,61.97,CA,2025-11-01
3501,291,2025-02-25,Garden,136.1,AU,2025-02-01
3502,374,2025-09-28,Beauty,17.34,CA,2025-09-01
3503,221,2025-12-24,Garden,204.27,US,2025-12-01
3504,87,2025-04-07,Books,38.21,US,2025-04-01
3505,458,2025-03-22,Electronics,600.61,CA,2025-03-01
3506,466,2025-09-12,Beauty,139.48,AU,2025-09-01
3507,106,2025-05-02,Home & Kitchen,102.6,IN,2025-05-01
3508,322,2025-01-21,Furniture,839.06,IN,2025-01-01
3509,55,2025-06-23,Garden,191.14,DE,2025-06-01
3510,226,2025-05-27,Sports,75.53,US,2025-05-01
3511,97,2025-05-23,Clothing,185.67,CA,2025-05-01
3512,200,2025-04-28,Toys,144.29,UK,2025-04-01
3513,86,2025-03-04,Toys,120.34,IN,2025-03-01
3514,82,2025-09-05,Books,95.01,AU,2025-09-01
3515,100,2025-08-18,Garden,202.96,UK,2025-08-01
3516,6,2025-09-10,Groceries,71.35,AU,2025-09-01
3517,182,2025-02-12,Books,53.83,UK,2025-02-01
3518,169,2025-03-22,Books,47.95,CA,2025-03-01
3519,127,2025-08-08,Sports,241.01,CA,2025-08-01
3520,77,2025-02-04,Beauty,58.49,DE,2025-02-01
3521,247,2025-12-28,Furniture,700.49,US,2025-12-01
3522,398,2025-10-29,Garden,171.3,IN,2025-10-01
3523,217,2025-08-25,Beauty,30.13,AU,2025-08-01
3524,248,2025-03-20,Groceries,124.13,UK,2025-03-01
3525,333,2025-08-20,Home & Kitchen,99.42,DE,2025-08-01
3526,487,2025-06-10,Electronics,494.77,DE,2025-06-01
3527,228,2025-03-10,Garden,166,UK,2025-03-01
3528,265,2025-08-22,Sports,30.79,CA,2025-08-01
3529,214,2025-03-18,Clothing,94.23,US,2025-03-01
3530,105,2025-01-08,Beauty,128.12,AU,2025-01-01
3531,418,2025-04-09,Groceries,48.09,AU,2025-04-01
3532,76,2025-07-18,Books,20.26,AU,2025-07-01
3533,297,2025-08-25,Furniture,304.01,DE,2025-08-01
3534,137,2025-07-29,Electronics,285.53,UK,2025-07-01
3535,82,2025-03-19,Electronics,390.99,AU,2025-03-01
3536,415,2025-12-23,Clothing,52.39,DE,2025-12-01
3537,393,2025-09-21,Furniture,127.06,UK,2025-09-01
3538,104,2025-01-18,Beauty,119.72,UK,2025-01-01
3539,250,2025-06-24,Books,84.79,UK,2025-06-01
3540,217,2025-09-10,Home & Kitchen,277.49,AU,2025-09-01
3541,124,2025-06-25,Books,14.84,UK,2025-06-01
3542,490,2025-07-13,Furniture,648.83,AU,2025-07-01
3543,482,2025-04-02,Furniture,254.94,DE,2025-04-01
3544,482,2025-05-31,Furniture,533.79,DE,2025-05-01
3545,442,2025-12-13,Books,42.9,CA,2025-12-01
3546,165,2025-01-27,Electronics,788.15,CA,2025-01-01
3547,362,2025-09-01,Garden,114.16,AU,2025-09-01
3548,194,2025-09-18,Beauty,124.08,DE,2025-09-01
3549,276,2025-08-20,Clothing,117.53,UK,2025-08-01
3550,102,2025-02-01,Garden,159.31,IN,2025-02-01
3551,319,2025-09-03,Clothing,123.26,DE,2025-09-01
3552,356,2025-09-22,Clothing,158.17,US,2025-09-01
3553,212,2025-07-08,Garden,132.74,CA,2025-07-01
3554,234,2025-07-29,Sports,223.93,US,2025-07-01
3555,468,2025-02-16,Beauty,25.36,UK,2025-02-01
3556,296,2025-04-04,Toys,109.44,DE,2025-04-01
3557,117,2025-11-25,Garden,112.65,US,2025-11-01
3558,242,2025-04-20,Electronics,337.58,US,2025-04-01
3559,272,2025-04-23,Home & Kitchen,270.03,US,2025-04-01
3560,191,2025-09-23,Toys,78.78,UK,2025-09-01
3561,258,2025-04-20,Clothing,140.36,UK,2025-04-01
3562,428,2025-01-15,Books,18.08,IN,2025-01-01
3563,16,2025-12-31,Sports,224.44,DE,2025-12-01
3564,276,2025-04-23,Books,31.48,UK,2025-04-01
3565,238,2025-03-26,Beauty,42.93,AU,2025-03-01
3566,65,2025-10-06,Sports,53.06,DE,2025-10-01
3567,401,2025-10-04,Groceries,73.67,CA,2025-10-01
3568,370,2025-07-08,Electronics,543.88,US,2025-07-01
3569,265,2025-02-11,Home & Kitchen,347.41,CA,2025-02-01
3570,422,2025-08-05,Home & Kitchen,58.7,AU,2025-08-01
3571,416,2025-04-20,Clothing,56.86,DE,2025-04-01
3572,232,2025-08-01,Books,18.56,CA,2025-08-01
3573,232,2025-08-25,Garden,54.42,CA,2025-08-01
3574,89,2025-05-24,Home & Kitchen,105.59,AU,2025-05-01
3575,202,2025-07-29,Home & Kitchen,185.04,AU,2025-07-01
3576,498,2025-11-19,Furniture,358.11,AU,2025-11-01
3577,90,2025-03-01,Home & Kitchen,191.21,DE,2025-03-01
3578,432,2025-06-07,Beauty,13.66,DE,2025-06-01
3579,288,2025-04-09,Groceries,94.36,AU,2025-04-01
3580,19,2025-12-28,Clothing,140.79,IN,2025-12-01
3581,488,2025-05-15,Electronics,217.56,IN,2025-05-01
3582,384,2025-02-23,Furniture,459.67,DE,2025-02-01
3583,203,2025-02-10,Groceries,148.4,CA,2025-02-01
3584,79,2025-11-11,Beauty,80.29,IN,2025-11-01
3585,391,2025-09-03,Sports,33.59,IN,2025-09-01
3586,348,2025-08-30,Books,96.79,AU,2025-08-01
3587,387,2025-09-03,Electronics,524.36,US,2025-09-01
3588,444,2025-08-10,Sports,49.37,AU,2025-08-01
3589,338,2025-10-16,Electronics,336.27,AU,2025-10-01
3590,307,2025-06-28,Garden,293.6,IN,2025-06-01
3591,125,2025-04-03,Toys,119.67,CA,2025-04-01
3592,146,2025-06-29,Furniture,343.6,AU,2025-06-01
3593,25,2025-08-14,Toys,44.74,UK,2025-08-01
3594,18,2025-12-11,Books,42.37,US,2025-12-01
3595,481,2025-03-31,Electronics,157.74,US,2025-03-01
3596,371,2025-05-25,Clothing,114.29,IN,2025-05-01
3597,127,2025-07-27,Groceries,115.72,CA,2025-07-01
3598,478,2025-12-03,Home & Kitchen,342.45,IN,2025-12-01
3599,132,2025-12-04,Sports,42.19,IN,2025-12-01
3600,394,2025-06-02,Sports,107.33,UK,2025-06-01
3601,275,2025-12-30,Groceries,11.63,US,2025-12-01
3602,422,2025-08-06,Clothing,198.57,AU,2025-08-01
3603,149,2025-05-25,Sports,197.84,AU,2025-05-01
3604,164,2025-01-23,Garden,214.8,AU,2025-01-01
3605,200,2025-06-06,Toys,118.34,UK,2025-06-01
3606,116,2025-08-04,Garden,92.11,AU,2025-08-01
3607,496,2025-09-07,Furniture,403.98,US,2025-09-01
3608,71,2025-02-12,Toys,123.61,US,2025-02-01
3609,33,2025-06-25,Home & Kitchen,320.31,CA,2025-06-01
3610,240,2025-07-19,Furniture,718.9,US,2025-07-01
3611,162,2025-07-10,Furniture,887.92,DE,2025-07-01
3612,488,2025-02-02,Home & Kitchen,234.49,IN,2025-02-01
3613,269,2025-08-03,Home & Kitchen,208.81,IN,2025-08-01
3614,99,2025-01-26,Toys,89.67,UK,2025-01-01
3615,112,2025-07-09,Home & Kitchen,316.01,AU,2025-07-01
3616,109,2025-09-15,Sports,75.74,US,2025-09-01
3617,32,2025-09-24,Groceries,103.28,DE,2025-09-01
3618,268,2025-04-25,Books,66.44,CA,2025-04-01
3619,485,2025-12-17,Furniture,968.31,US,2025-12-01
3620,260,2025-02-23,Books,33.12,AU,2025-02-01
3621,217,2025-01-08,Books,89.1,AU,2025-01-01
3622,240,2025-07-16,Home & Kitchen,234.04,US,2025-07-01
3623,475,2025-05-24,Furniture,661.84,CA,2025-05-01
3624,307,2025-06-14,Garden,239.59,IN,2025-06-01
3625,332,2025-01-10,Groceries,83.27,AU,2025-01-01
3626,254,2025-03-12,Clothing,61.23,US,2025-03-01
3627,368,2025-10-25,Clothing,41.26,IN,2025-10-01
3628,385,2025-09-25,Sports,175.21,DE,2025-09-01
3629,372,2025-02-24,Furniture,108.2,US,2025-02-01
3630,345,2025-09-29,Groceries,23.61,IN,2025-09-01
3631,337,2025-02-27,Groceries,5.23,US,2025-02-01
3632,16,2025-06-20,Garden,25.08,DE,2025-06-01
3633,230,2025-10-03,Home & Kitchen,214.3,CA,2025-10-01
3634,485,2025-04-30,Beauty,57.52,US,2025-04-01
3635,258,2025-01-05,Electronics,237.05,UK,2025-01-01
3636,327,2025-07-26,Clothing,42.41,AU,2025-07-01
3637,320,2025-06-18,Home & Kitchen,310.21,US,2025-06-01
3638,31,2025-11-18,Beauty,27.03,US,2025-11-01
3639,59,2025-07-04,Clothing,195.64,US,2025-07-01
3640,174,2025-12-22,Sports,142.61,UK,2025-12-01
3641,443,2025-04-17,Beauty,115.71,AU,2025-04-01
3642,249,2025-07-28,Groceries,35.87,IN,2025-07-01
3643,399,2025-10-17,Toys,147.5,DE,2025-10-01
3644,144,2025-10-17,Sports,119.4,US,2025-10-01
3645,222,2025-12-24,Beauty,22.54,UK,2025-12-01
3646,295,2025-01-25,Toys,97.17,DE,2025-01-01
3647,124,2025-01-29,Garden,116.69,UK,2025-01-01
3648,100,2025-06-24,Sports,187.43,UK,2025-06-01
3649,288,2025-09-08,Sports,70.21,AU,2025-09-01
3650,196,2025-11-25,Beauty,140.93,US,2025-11-01
3651,74,2025-11-15,Groceries,146.27,CA,2025-11-01
3652,10,2025-09-18,Electronics,297.36,AU,2025-09-01
3653,321,2025-11-24,Groceries,43.71,DE,2025-11-01
3654,430,2025-06-29,Garden,62.6,US,2025-06-01
3655,221,2025-04-27,Furniture,791.78,US,2025-04-01
3656,100,2025-08-04,Clothing,182.8,UK,2025-08-01
3657,296,2025-12-21,Books,51.5,DE,2025-12-01
3658,331,2025-05-10,Furniture,548.15,UK,2025-05-01
3659,262,2025-05-27,Groceries,103.4,US,2025-05-01
3660,305,2025-07-21,Sports,114.15,AU,2025-07-01
3661,140,2025-04-23,Toys,75.65,CA,2025-04-01
3662,311,2025-04-29,Sports,166.39,IN,2025-04-01
3663,29,2025-05-19,Toys,51.39,IN,2025-05-01
3664,257,2025-09-16,Sports,108.72,CA,2025-09-01
3665,195,2025-07-05,Electronics,372.81,US,2025-07-01
3666,454,2025-10-08,Groceries,90.94,DE,2025-10-01
3667,248,2025-08-16,Beauty,41.36,UK,2025-08-01
3668,220,2025-11-17,Sports,140.94,DE,2025-11-01
3669,2,2025-05-18,Clothing,67.49,AU,2025-05-01
3670,200,2025-08-04,Furniture,439.97,UK,2025-08-01
3671,223,2025-07-03,Sports,247.7,UK,2025-07-01
3672,482,2025-04-04,Sports,57.33,DE,2025-04-01
3673,494,2025-02-20,Home & Kitchen,76.15,DE,2025-02-01
3674,180,2025-04-07,Books,29.36,CA,2025-04-01
3675,305,2025-11-26,Toys,133.83,AU,2025-11-01
3676,320,2025-04-03,Beauty,30.93,US,2025-04-01
3677,486,2025-10-10,Home & Kitchen,78.27,CA,2025-10-01
3678,164,2025-05-18,Electronics,754.28,AU,2025-05-01
3679,248,2025-05-19,Groceries,145.49,UK,2025-05-01
3680,71,2025-01-13,Toys,98.44,US,2025-01-01
3681,90,2025-03-23,Books,18.75,DE,2025-03-01
3682,191,2025-07-08,Books,73.52,UK,2025-07-01
3683,189,2025-08-23,Clothing,194.19,CA,2025-08-01
3684,178,2025-12-27,Groceries,146.96,AU,2025-12-01
3685,373,2025-08-13,Toys,21.4,IN,2025-08-01
3686,242,2025-06-28,Furniture,508.5,US,2025-06-01
3687,212,2025-11-09,Clothing,117.05,CA,2025-11-01
3688,272,2025-12-03,Beauty,29.74,US,2025-12-01
3689,408,2025-04-02,Groceries,25.12,AU,2025-04-01
3690,385,2025-06-01,Sports,121.12,DE,2025-06-01
3691,390,2025-11-15,Furniture,969.47,IN,2025-11-01
3692,200,2025-05-13,Toys,92.43,UK,2025-05-01
3693,195,2025-09-14,Electronics,578.79,US,2025-09-01
3694,326,2025-09-02,Garden,200.91,IN,2025-09-01
3695,123,2025-10-23,Toys,55.7,DE,2025-10-01
3696,144,2025-10-20,Clothing,78.13,US,2025-10-01
3697,34,2025-11-30,Clothing,174.25,IN,2025-11-01
3698,270,2025-10-01,Garden,230.91,UK,2025-10-01
3699,59,2025-08-16,Furniture,365.25,US,2025-08-01
3700,198,2025-04-19,Electronics,53.73,CA,2025-04-01
3701,279,2025-01-20,Furniture,849.63,DE,2025-01-01
3702,469,2025-10-17,Home & Kitchen,37.99,DE,2025-10-01
3703,129,2025-06-16,Electronics,693.43,IN,2025-06-01
3704,214,2025-06-27,Electronics,528.07,US,2025-06-01
3705,68,2025-11-19,Electronics,709.75,US,2025-11-01
3706,411,2025-12-22,Home & Kitchen,297.8,US,2025-12-01
3707,43,2025-10-12,Electronics,549.62,CA,2025-10-01
3708,495,2025-05-23,Electronics,683,DE,2025-05-01
3709,350,2025-08-29,Beauty,146.77,UK,2025-08-01
3710,30,2025-09-13,Garden,296.69,AU,2025-09-01
3711,194,2025-08-13,Sports,104.92,DE,2025-08-01
3712,404,2025-04-05,Furniture,239.66,UK,2025-04-01
3713,20,2025-12-29,Groceries,16.81,US,2025-12-01
3714,320,2025-02-11,Home & Kitchen,198.33,US,2025-02-01
3715,1,2025-01-03,Toys,85.07,DE,2025-01-01
3716,32,2025-10-30,Clothing,51.56,DE,2025-10-01
3717,330,2025-07-06,Books,96.33,US,2025-07-01
3718,492,2025-08-29,Beauty,25.59,DE,2025-08-01
3719,358,2025-06-06,Clothing,191.52,UK,2025-06-01
3720,185,2025-09-24,Clothing,47.35,CA,2025-09-01
3721,334,2025-03-25,Books,68.97,DE,2025-03-01
3722,321,2025-11-10,Toys,16.11,DE,2025-11-01
3723,242,2025-12-01,Groceries,27.25,US,2025-12-01
3724,423,2025-04-30,Garden,137.31,AU,2025-04-01
3725,139,2025-02-16,Sports,83.32,UK,2025-02-01
3726,423,2025-11-09,Furniture,779.86,AU,2025-11-01
3727,285,2025-11-21,Sports,80.51,CA,2025-11-01
3728,430,2025-03-14,Clothing,26.91,US,2025-03-01
3729,219,2025-03-05,Toys,120.69,AU,2025-03-01
3730,242,2025-03-10,Sports,75.3,US,2025-03-01
3731,445,2025-11-04,Clothing,88.41,DE,2025-11-01
3732,69,2025-01-29,Toys,129.48,AU,2025-01-01
3733,214,2025-07-10,Sports,189.82,US,2025-07-01
3734,442,2025-02-02,Clothing,162.77,CA,2025-02-01
3735,174,2025-01-29,Clothing,45.66,UK,2025-01-01
3736,300,2025-01-14,Beauty,148.33,UK,2025-01-01
3737,40,2025-03-02,Groceries,6.67,DE,2025-03-01
3738,160,2025-01-31,Beauty,123.77,DE,2025-01-01
3739,71,2025-04-13,Beauty,141.61,US,2025-04-01
3740,214,2025-03-16,Garden,267.28,US,2025-03-01
3741,356,2025-11-09,Toys,70.06,US,2025-11-01
3742,353,2025-12-13,Toys,72.68,DE,2025-12-01
3743,418,2025-03-31,Groceries,77.09,AU,2025-03-01
3744,1,2025-06-27,Clothing,163.26,DE,2025-06-01
3745,229,2025-08-12,Beauty,138.46,DE,2025-08-01
3746,267,2025-06-14,Clothing,110,CA,2025-06-01
3747,168,2025-03-02,Furniture,360.07,DE,2025-03-01
3748,489,2025-06-10,Electronics,59.85,UK,2025-06-01
3749,48,2025-07-29,Garden,97.59,CA,2025-07-01
3750,397,2025-02-21,Furniture,825.89,US,2025-02-01
3751,17,2025-03-12,Beauty,104.93,DE,2025-03-01
3752,366,2025-10-22,Toys,32.69,UK,2025-10-01
3753,139,2025-11-17,Electronics,421.48,UK,2025-11-01
3754,448,2025-03-20,Sports,172.21,IN,2025-03-01
3755,241,2025-12-02,Groceries,132.34,CA,2025-12-01
3756,58,2025-10-21,Furniture,539.98,CA,2025-10-01
3757,202,2025-04-30,Garden,290.37,AU,2025-04-01
3758,306,2025-05-03,Home & Kitchen,285,US,2025-05-01
3759,142,2025-05-18,Clothing,165.02,IN,2025-05-01
3760,268,2025-11-12,Home & Kitchen,348.82,CA,2025-11-01
3761,224,2025-08-14,Toys,58.33,US,2025-08-01
3762,256,2025-05-02,Garden,217.52,CA,2025-05-01
3763,457,2025-10-03,Toys,19.22,UK,2025-10-01
3764,132,2025-02-20,Toys,148.73,IN,2025-02-01
3765,249,2025-07-12,Furniture,632.34,IN,2025-07-01
3766,369,2025-02-10,Furniture,980.56,UK,2025-02-01
3767,315,2025-05-05,Toys,23.35,CA,2025-05-01
3768,124,2025-12-31,Beauty,115.85,UK,2025-12-01
3769,43,2025-01-27,Beauty,128.82,CA,2025-01-01
3770,27,2025-07-23,Books,21.52,AU,2025-07-01
3771,228,2025-04-05,Garden,234.49,UK,2025-04-01
3772,233,2025-10-11,Electronics,52.36,UK,2025-10-01
3773,306,2025-08-14,Furniture,854.75,US,2025-08-01
3774,241,2025-08-31,Groceries,145.99,CA,2025-08-01
3775,332,2025-11-02,Groceries,122.37,AU,2025-11-01
3776,265,2025-12-05,Garden,90.18,CA,2025-12-01
3777,400,2025-03-30,Sports,196.73,US,2025-03-01
3778,126,2025-08-06,Toys,17.14,AU,2025-08-01
3779,284,2025-09-19,Groceries,99.04,US,2025-09-01
3780,348,2025-01-29,Garden,194.59,AU,2025-01-01
3781,380,2025-06-25,Home & Kitchen,115.22,CA,2025-06-01
3782,77,2025-04-02,Home & Kitchen,116.9,DE,2025-04-01
3783,455,2025-08-27,Home & Kitchen,224.48,AU,2025-08-01
3784,374,2025-07-28,Sports,204.12,CA,2025-07-01
3785,3,2025-12-20,Books,13.27,DE,2025-12-01
3786,471,2025-09-06,Beauty,89.58,US,2025-09-01
3787,12,2025-11-23,Toys,59.88,US,2025-11-01
3788,344,2025-02-12,Groceries,142.81,AU,2025-02-01
3789,276,2025-07-03,Garden,108.63,UK,2025-07-01
3790,400,2025-10-05,Furniture,799.07,US,2025-10-01
3791,33,2025-05-10,Garden,236.68,CA,2025-05-01
3792,427,2025-02-19,Clothing,79.79,AU,2025-02-01
3793,193,2025-11-10,Sports,236.81,UK,2025-11-01
3794,249,2025-12-11,Electronics,302.53,IN,2025-12-01
3795,180,2025-05-16,Furniture,682.7,CA,2025-05-01
3796,229,2025-09-04,Books,25.85,DE,2025-09-01
3797,400,2025-11-30,Furniture,753.58,US,2025-11-01
3798,291,2025-10-09,Toys,101.18,AU,2025-10-01
3799,271,2025-09-30,Books,16.36,CA,2025-09-01
3800,217,2025-10-05,Sports,222.2,AU,2025-10-01
3801,296,2025-05-07,Home & Kitchen,58.42,DE,2025-05-01
3802,253,2025-09-02,Toys,66.72,CA,2025-09-01
3803,17,2025-09-07,Toys,72.64,DE,2025-09-01
3804,278,2025-03-17,Furniture,333.05,US,2025-03-01
3805,229,2025-09-18,Home & Kitchen,155,DE,2025-09-01
3806,414,2025-10-06,Electronics,542.23,IN,2025-10-01
3807,169,2025-04-20,Groceries,40.71,CA,2025-04-01
3808,362,2025-11-06,Clothing,152.19,AU,2025-11-01
3809,13,2025-08-03,Toys,126.28,UK,2025-08-01
3810,57,2025-04-05,Electronics,391.58,AU,2025-04-01
3811,101,2025-06-21,Clothing,112.21,UK,2025-06-01
3812,257,2025-06-10,Clothing,54.64,CA,2025-06-01
3813,180,2025-10-22,Books,16.79,CA,2025-10-01
3814,204,2025-04-10,Garden,135.11,DE,2025-04-01
3815,244,2025-01-28,Furniture,809.39,DE,2025-01-01
3816,287,2025-02-08,Sports,171.69,CA,2025-02-01
3817,237,2025-06-02,Furniture,536.21,UK,2025-06-01
3818,448,2025-12-06,Sports,213.96,IN,2025-12-01
3819,478,2025-04-23,Sports,174.11,IN,2025-04-01
3820,418,2025-09-26,Toys,72.93,AU,2025-09-01
3821,42,2025-02-23,Home & Kitchen,312.04,CA,2025-02-01
3822,126,2025-07-23,Furniture,606.57,AU,2025-07-01
3823,261,2025-09-26,Furniture,961.64,CA,2025-09-01
3824,131,2025-12-26,Beauty,39.36,AU,2025-12-01
3825,389,2025-02-11,Electronics,185.46,DE,2025-02-01
3826,109,2025-08-07,Garden,92.81,US,2025-08-01
3827,333,2025-03-03,Furniture,152.47,DE,2025-03-01
3828,207,2025-01-25,Home & Kitchen,320.93,IN,2025-01-01
3829,262,2025-06-12,Books,30.75,US,2025-06-01
3830,193,2025-04-12,Clothing,116.57,UK,2025-04-01
3831,74,2025-11-15,Garden,171.3,CA,2025-11-01
3832,183,2025-08-19,Clothing,156.62,US,2025-08-01
3833,370,2025-05-26,Beauty,113.79,US,2025-05-01
3834,153,2025-04-25,Sports,199.43,CA,2025-04-01
3835,43,2025-03-04,Beauty,146.16,CA,2025-03-01
3836,20,2025-09-30,Electronics,394.17,US,2025-09-01
3837,466,2025-07-16,Toys,26.84,AU,2025-07-01
3838,143,2025-03-13,Toys,99.72,IN,2025-03-01
3839,474,2025-08-04,Furniture,956.17,UK,2025-08-01
3840,39,2025-03-05,Home & Kitchen,315.06,UK,2025-03-01
3841,387,2025-06-22,Furniture,400.73,US,2025-06-01
3842,344,2025-12-03,Electronics,641.57,AU,2025-12-01
3843,317,2025-05-11,Sports,237.93,CA,2025-05-01
3844,275,2025-07-26,Garden,50.34,US,2025-07-01
3845,421,2025-08-26,Books,39.77,DE,2025-08-01
3846,303,2025-06-10,Home & Kitchen,46.61,CA,2025-06-01
3847,211,2025-06-18,Garden,93.37,IN,2025-06-01
3848,310,2025-10-03,Sports,132.73,UK,2025-10-01
3849,263,2025-08-22,Groceries,19.24,US,2025-08-01
3850,220,2025-01-10,Electronics,448.95,DE,2025-01-01
3851,16,2025-10-11,Furniture,670.7,DE,2025-10-01
3852,5,2025-11-27,Books,41.77,UK,2025-11-01
3853,152,2025-01-12,Books,82.28,DE,2025-01-01
3854,368,2025-09-05,Toys,110.05,IN,2025-09-01
3855,184,2025-12-14,Books,15.97,UK,2025-12-01
3856,115,2025-01-20,Toys,97.67,DE,2025-01-01
3857,170,2025-11-19,Clothing,146.69,AU,2025-11-01
3858,33,2025-12-17,Beauty,17.71,CA,2025-12-01
3859,116,2025-07-08,Groceries,140.03,AU,2025-07-01
3860,292,2025-04-04,Sports,66.51,IN,2025-04-01
3861,27,2025-08-15,Beauty,85.84,AU,2025-08-01
3862,191,2025-01-23,Clothing,176.56,UK,2025-01-01
3863,276,2025-09-23,Books,12.34,UK,2025-09-01
3864,393,2025-04-09,Home & Kitchen,294.46,UK,2025-04-01
3865,69,2025-11-18,Groceries,98.11,AU,2025-11-01
3866,391,2025-08-01,Garden,52.81,IN,2025-08-01
3867,181,2025-03-28,Home & Kitchen,302.28,US,2025-03-01
3868,33,2025-08-20,Groceries,124.7,CA,2025-08-01
3869,52,2025-07-09,Toys,56.93,UK,2025-07-01
3870,2,2025-12-30,Clothing,36.55,AU,2025-12-01
3871,363,2025-11-20,Books,67.17,DE,2025-11-01
3872,1,2025-09-10,Garden,125.05,DE,2025-09-01
3873,109,2025-02-22,Toys,80.63,US,2025-02-01
3874,415,2025-01-13,Home & Kitchen,70.66,DE,2025-01-01
3875,170,2025-03-26,Sports,61.08,AU,2025-03-01
3876,370,2025-03-19,Furniture,863.49,US,2025-03-01
3877,260,2025-02-04,Electronics,452.01,AU,2025-02-01
3878,36,2025-04-18,Toys,63.1,CA,2025-04-01
3879,250,2025-06-21,Garden,255.3,UK,2025-06-01
3880,192,2025-03-28,Sports,113.81,AU,2025-03-01
3881,162,2025-10-26,Toys,147.96,DE,2025-10-01
3882,400,2025-03-28,Groceries,109.62,US,2025-03-01
3883,60,2025-04-06,Clothing,116.99,UK,2025-04-01
3884,144,2025-12-16,Groceries,79.5,US,2025-12-01
3885,424,2025-08-31,Electronics,268.38,IN,2025-08-01
3886,253,2025-09-05,Beauty,17.25,CA,2025-09-01
3887,374,2025-08-05,Clothing,186.29,CA,2025-08-01
3888,355,2025-04-25,Clothing,157.05,DE,2025-04-01
3889,468,2025-03-07,Home & Kitchen,243.22,UK,2025-03-01
3890,114,2025-07-16,Toys,113.92,AU,2025-07-01
3891,427,2025-09-20,Garden,40.27,AU,2025-09-01
3892,145,2025-10-09,Clothing,105.15,AU,2025-10-01
3893,272,2025-09-26,Groceries,48.61,US,2025-09-01
3894,418,2025-03-18,Garden,192.49,AU,2025-03-01
3895,264,2025-04-23,Home & Kitchen,316.14,CA,2025-04-01
3896,197,2025-09-27,Beauty,112.78,CA,2025-09-01
3897,268,2025-04-17,Groceries,141.06,CA,2025-04-01
3898,187,2025-01-22,Toys,93.44,US,2025-01-01
3899,95,2025-12-23,Sports,29.47,UK,2025-12-01
3900,239,2025-09-21,Groceries,106.52,CA,2025-09-01
3901,407,2025-08-04,Books,97.98,UK,2025-08-01
3902,450,2025-06-23,Furniture,648.64,AU,2025-06-01
3903,15,2025-03-15,Beauty,75.53,CA,2025-03-01
3904,421,2025-05-09,Clothing,50.6,DE,2025-05-01
3905,297,2025-12-22,Toys,45.86,DE,2025-12-01
3906,463,2025-10-12,Furniture,124.31,IN,2025-10-01
3907,359,2025-04-04,Clothing,101.48,DE,2025-04-01
3908,361,2025-03-13,Furniture,513.18,CA,2025-03-01
3909,472,2025-04-04,Sports,82.48,DE,2025-04-01
3910,329,2025-04-16,Electronics,276.34,AU,2025-04-01
3911,459,2025-04-01,Home & Kitchen,339.65,UK,2025-04-01
3912,202,2025-09-08,Clothing,99.89,AU,2025-09-01
3913,305,2025-08-29,Sports,113.51,AU,2025-08-01
3914,234,2025-05-08,Toys,134.47,US,2025-05-01
3915,111,2025-01-11,Groceries,10.23,AU,2025-01-01
3916,295,2025-01-29,Clothing,86.77,DE,2025-01-01
3917,156,2025-09-02,Electronics,295.08,IN,2025-09-01
3918,401,2025-04-03,Groceries,35.95,CA,2025-04-01
3919,492,2025-12-10,Home & Kitchen,308.5,DE,2025-12-01
3920,421,2025-05-09,Furniture,186.34,DE,2025-05-01
3921,163,2025-04-12,Home & Kitchen,50.46,US,2025-04-01
3922,82,2025-11-21,Furniture,274.63,AU,2025-11-01
3923,206,2025-12-20,Home & Kitchen,52.88,US,2025-12-01
3924,189,2025-09-06,Books,65.83,CA,2025-09-01
3925,455,2025-04-03,Furniture,813.3,AU,2025-04-01
3926,45,2025-06-19,Home & Kitchen,288.06,AU,2025-06-01
3927,159,2025-02-27,Clothing,186.93,UK,2025-02-01
3928,387,2025-02-06,Garden,189.68,US,2025-02-01
3929,290,2025-03-17,Sports,130.25,UK,2025-03-01
3930,25,2025-11-17,Furniture,206.68,UK,2025-11-01
3931,203,2025-05-03,Toys,77.65,CA,2025-05-01
3932,490,2025-12-22,Garden,131.91,AU,2025-12-01
3933,377,2025-11-25,Electronics,405.14,UK,2025-11-01
3934,464,2025-08-26,Groceries,104.43,AU,2025-08-01
3935,185,2025-09-03,Books,88.17,CA,2025-09-01
3936,244,2025-12-08,Garden,124.66,DE,2025-12-01
3937,123,2025-12-07,Clothing,111.4,DE,2025-12-01
3938,378,2025-05-08,Home & Kitchen,134.44,IN,2025-05-01
3939,227,2025-06-03,Furniture,399.69,CA,2025-06-01
3940,420,2025-06-23,Clothing,150.15,IN,2025-06-01
3941,391,2025-11-20,Toys,39.92,IN,2025-11-01
3942,266,2025-08-05,Groceries,143.73,IN,2025-08-01
3943,20,2025-06-21,Groceries,55.29,US,2025-06-01
3944,62,2025-05-18,Beauty,60.77,IN,2025-05-01
3945,401,2025-11-26,Furniture,132.49,CA,2025-11-01
3946,213,2025-08-13,Electronics,760.67,US,2025-08-01
3947,235,2025-04-09,Garden,118.24,IN,2025-04-01
3948,462,2025-12-26,Sports,177.94,AU,2025-12-01
3949,131,2025-10-06,Clothing,23.63,AU,2025-10-01
3950,180,2025-10-18,Furniture,739.07,CA,2025-10-01
3951,334,2025-10-06,Clothing,135.47,DE,2025-10-01
3952,480,2025-10-29,Clothing,138.89,IN,2025-10-01
3953,113,2025-03-15,Beauty,102.23,DE,2025-03-01
3954,357,2025-03-09,Toys,147.83,IN,2025-03-01
3955,30,2025-02-06,Clothing,30.15,AU,2025-02-01
3956,291,2025-12-31,Beauty,70.36,AU,2025-12-01
3957,206,2025-04-22,Toys,39.39,US,2025-04-01
3958,17,2025-12-30,Groceries,125.48,DE,2025-12-01
3959,267,2025-08-12,Garden,100.03,CA,2025-08-01
3960,1,2025-11-06,Groceries,102.7,DE,2025-11-01
3961,329,2025-06-22,Electronics,157.7,AU,2025-06-01
3962,59,2025-05-03,Sports,72.68,US,2025-05-01
3963,475,2025-10-29,Electronics,717.96,CA,2025-10-01
3964,451,2025-06-21,Toys,90.02,US,2025-06-01
3965,436,2025-03-19,Furniture,211.07,IN,2025-03-01
3966,428,2025-08-20,Books,66.16,IN,2025-08-01
3967,406,2025-01-31,Clothing,48.84,CA,2025-01-01
3968,44,2025-06-28,Home & Kitchen,255.72,DE,2025-06-01
3969,432,2025-05-27,Clothing,88.63,DE,2025-05-01
3970,425,2025-01-22,Toys,52.83,UK,2025-01-01
3971,350,2025-03-29,Sports,40.54,UK,2025-03-01
3972,73,2025-02-22,Books,66.19,IN,2025-02-01
3973,15,2025-02-20,Electronics,407.92,CA,2025-02-01
3974,430,2025-07-05,Clothing,198.72,US,2025-07-01
3975,35,2025-01-13,Home & Kitchen,104.03,UK,2025-01-01
3976,392,2025-08-31,Furniture,276.81,CA,2025-08-01
3977,304,2025-01-18,Sports,94.22,AU,2025-01-01
3978,449,2025-11-25,Home & Kitchen,215.37,IN,2025-11-01
3979,90,2025-02-27,Sports,71.16,DE,2025-02-01
3980,363,2025-01-10,Home & Kitchen,148.38,DE,2025-01-01
3981,1,2025-08-02,Books,32.9,DE,2025-08-01
3982,239,2025-06-25,Toys,144.16,CA,2025-06-01
3983,231,2025-01-16,Garden,211.67,IN,2025-01-01
3984,285,2025-05-09,Groceries,108.44,CA,2025-05-01
3985,318,2025-06-10,Garden,70.84,CA,2025-06-01
3986,150,2025-02-27,Home & Kitchen,162.48,DE,2025-02-01
3987,151,2025-09-04,Clothing,95.99,IN,2025-09-01
3988,287,2025-06-13,Clothing,141.64,CA,2025-06-01
3989,267,2025-04-27,Garden,150.06,CA,2025-04-01
3990,94,2025-10-15,Clothing,185.36,AU,2025-10-01
3991,293,2025-10-21,Sports,105.81,DE,2025-10-01
3992,479,2025-03-30,Beauty,44.08,AU,2025-03-01
3993,478,2025-02-10,Furniture,567.23,IN,2025-02-01
3994,152,2025-04-18,Furniture,434.87,DE,2025-04-01
3995,496,2025-12-22,Books,36.93,US,2025-12-01
3996,282,2025-04-16,Toys,20.89,CA,2025-04-01
3997,113,2025-08-19,Toys,108.49,DE,2025-08-01
3998,497,2025-10-07,Sports,67,CA,2025-10-01
3999,90,2025-08-12,Home & Kitchen,106.2,DE,2025-08-01
4000,424,2025-04-02,Home & Kitchen,42.13,IN,2025-04-01
4001,3,2025-08-16,Toys,122.88,DE,2025-08-01
4002,148,2025-06-04,Electronics,574.51,US,2025-06-01
4003,104,2025-02-02,Toys,72.05,UK,2025-02-01
4004,85,2025-10-10,Books,42.57,AU,2025-10-01
4005,142,2025-05-22,Garden,137.2,IN,2025-05-01
4006,144,2025-08-31,Clothing,186.01,US,2025-08-01
4007,91,2025-11-10,Electronics,264.5,AU,2025-11-01
4008,208,2025-05-16,Groceries,112.29,UK,2025-05-01
4009,355,2025-06-17,Furniture,588.19,DE,2025-06-01
4010,398,2025-01-27,Books,44.97,IN,2025-01-01
4011,90,2025-08-28,Beauty,85.2,DE,2025-08-01
4012,337,2025-02-23,Clothing,93.52,US,2025-02-01
4013,191,2025-08-25,Beauty,21.3,UK,2025-08-01
4014,415,2025-10-28,Furniture,388.18,DE,2025-10-01
4015,17,2025-11-30,Furniture,750.43,DE,2025-11-01
4016,493,2025-02-24,Electronics,298,UK,2025-02-01
4017,468,2025-10-08,Furniture,912.04,UK,2025-10-01
4018,66,2025-01-02,Furniture,399.27,AU,2025-01-01
4019,272,2025-07-05,Groceries,42.51,US,2025-07-01
4020,270,2025-01-03,Electronics,158.02,UK,2025-01-01
4021,165,2025-01-24,Home & Kitchen,115.76,CA,2025-01-01
4022,224,2025-07-09,Books,29.31,US,2025-07-01
4023,126,2025-08-28,Toys,52.5,AU,2025-08-01
4024,41,2025-05-12,Garden,144.53,IN,2025-05-01
4025,24,2025-04-11,Groceries,122.81,UK,2025-04-01
4026,127,2025-01-15,Garden,238.4,CA,2025-01-01
4027,29,2025-08-11,Books,44.75,IN,2025-08-01
4028,277,2025-04-05,Garden,90.85,CA,2025-04-01
4029,347,2025-08-24,Sports,38.89,IN,2025-08-01
4030,242,2025-10-04,Sports,101.63,US,2025-10-01
4031,254,2025-10-07,Garden,256.7,US,2025-10-01
4032,93,2025-02-02,Groceries,143.07,DE,2025-02-01
4033,219,2025-12-23,Home & Kitchen,37.53,AU,2025-12-01
4034,156,2025-10-24,Groceries,135.22,IN,2025-10-01
4035,138,2025-03-06,Home & Kitchen,310.34,US,2025-03-01
4036,93,2025-03-26,Clothing,58.62,DE,2025-03-01
4037,436,2025-03-14,Beauty,36.1,IN,2025-03-01
4038,146,2025-03-24,Beauty,107.06,AU,2025-03-01
4039,98,2025-07-31,Electronics,546.68,DE,2025-07-01
4040,255,2025-09-24,Furniture,255.03,US,2025-09-01
4041,254,2025-10-29,Clothing,178.68,US,2025-10-01
4042,132,2025-07-15,Home & Kitchen,165.13,IN,2025-07-01
4043,169,2025-08-11,Garden,136.37,CA,2025-08-01
4044,47,2025-04-17,Books,48.59,UK,2025-04-01
4045,194,2025-10-25,Beauty,120.85,DE,2025-10-01
4046,324,2025-03-05,Beauty,40.79,CA,2025-03-01
4047,140,2025-02-20,Home & Kitchen,329.75,CA,2025-02-01
4048,285,2025-06-28,Beauty,21.42,CA,2025-06-01
4049,178,2025-05-02,Furniture,759.22,AU,2025-05-01
4050,203,2025-02-14,Garden,241.65,CA,2025-02-01
4051,122,2025-09-26,Garden,102.39,AU,2025-09-01
4052,487,2025-09-22,Books,21.85,DE,2025-09-01
4053,219,2025-03-25,Furniture,824.96,AU,2025-03-01
4054,30,2025-12-21,Home & Kitchen,171.1,AU,2025-12-01
4055,324,2025-03-15,Clothing,76.04,CA,2025-03-01
4056,10,2025-03-08,Groceries,65.83,AU,2025-03-01
4057,87,2025-12-06,Garden,216.1,US,2025-12-01
4058,428,2025-08-23,Books,55.83,IN,2025-08-01
4059,368,2025-10-14,Garden,228.51,IN,2025-10-01
4060,322,2025-04-07,Sports,194.53,IN,2025-04-01
4061,32,2025-05-29,Sports,116.89,DE,2025-05-01
4062,178,2025-05-07,Furniture,378.12,AU,2025-05-01
4063,172,2025-12-08,Groceries,73.06,US,2025-12-01
4064,262,2025-02-17,Electronics,647.76,US,2025-02-01
4065,106,2025-11-22,Garden,106.89,IN,2025-11-01
4066,209,2025-02-15,Clothing,160,US,2025-02-01
4067,488,2025-02-06,Home & Kitchen,242.49,IN,2025-02-01
4068,408,2025-11-02,Beauty,32.03,AU,2025-11-01
4069,384,2025-12-01,Garden,29.04,DE,2025-12-01
4070,423,2025-08-20,Garden,210.69,AU,2025-08-01
4071,206,2025-12-31,Garden,221.63,US,2025-12-01
4072,203,2025-11-09,Books,38.01,CA,2025-11-01
4073,346,2025-10-08,Toys,68.59,CA,2025-10-01
4074,472,2025-11-23,Toys,70.74,DE,2025-11-01
4075,298,2025-03-16,Books,38.52,CA,2025-03-01
4076,467,2025-02-09,Home & Kitchen,281.08,UK,2025-02-01
4077,254,2025-06-22,Electronics,135.58,US,2025-06-01
4078,303,2025-09-09,Sports,70.53,CA,2025-09-01
4079,107,2025-12-06,Furniture,353.12,IN,2025-12-01
4080,462,2025-01-15,Toys,30.28,AU,2025-01-01
4081,138,2025-10-03,Groceries,130.56,US,2025-10-01
4082,431,2025-11-12,Sports,23.77,AU,2025-11-01
4083,370,2025-07-13,Toys,78.23,US,2025-07-01
4084,417,2025-06-21,Electronics,492.38,DE,2025-06-01
4085,23,2025-08-21,Furniture,175.02,DE,2025-08-01
4086,415,2025-03-15,Home & Kitchen,113.45,DE,2025-03-01
4087,150,2025-02-04,Electronics,503.51,DE,2025-02-01
4088,372,2025-04-02,Toys,72.57,US,2025-04-01
4089,215,2025-11-16,Home & Kitchen,146.95,US,2025-11-01
4090,157,2025-09-09,Furniture,913.72,AU,2025-09-01
4091,158,2025-07-16,Books,49.42,US,2025-07-01
4092,465,2025-06-19,Garden,180.61,AU,2025-06-01
4093,57,2025-03-02,Beauty,38.79,AU,2025-03-01
4094,457,2025-07-07,Garden,29.27,UK,2025-07-01
4095,231,2025-11-08,Books,98.82,IN,2025-11-01
4096,388,2025-01-24,Furniture,641.33,US,2025-01-01
4097,71,2025-02-28,Groceries,60.57,US,2025-02-01
4098,386,2025-01-03,Home & Kitchen,35.12,AU,2025-01-01
4099,154,2025-10-23,Clothing,162.57,IN,2025-10-01
4100,212,2025-07-30,Books,88.59,CA,2025-07-01
4101,124,2025-02-16,Groceries,128.04,UK,2025-02-01
4102,400,2025-01-06,Toys,47.08,US,2025-01-01
4103,301,2025-06-27,Clothing,78.66,DE,2025-06-01
4104,308,2025-09-14,Groceries,39.22,UK,2025-09-01
4105,251,2025-08-22,Clothing,90.56,US,2025-08-01
4106,369,2025-02-04,Garden,61.48,UK,2025-02-01
4107,480,2025-07-30,Beauty,37.48,IN,2025-07-01
4108,39,2025-06-08,Toys,134.51,UK,2025-06-01
4109,290,2025-12-15,Beauty,84.47,UK,2025-12-01
4110,310,2025-04-09,Clothing,74.57,UK,2025-04-01
4111,205,2025-12-02,Beauty,26.56,DE,2025-12-01
4112,423,2025-07-03,Garden,98.48,AU,2025-07-01
4113,248,2025-05-02,Garden,251.84,UK,2025-05-01
4114,292,2025-02-16,Furniture,211.21,IN,2025-02-01
4115,382,2025-07-28,Furniture,220.15,UK,2025-07-01
4116,163,2025-06-06,Toys,109.31,US,2025-06-01
4117,49,2025-09-08,Electronics,121.69,CA,2025-09-01
4118,301,2025-03-05,Garden,176.38,DE,2025-03-01
4119,472,2025-08-19,Toys,58.88,DE,2025-08-01
4120,68,2025-06-17,Sports,51.55,US,2025-06-01
4121,192,2025-10-05,Clothing,98.8,AU,2025-10-01
4122,347,2025-05-18,Furniture,669.08,IN,2025-05-01
4123,464,2025-12-14,Clothing,165.07,AU,2025-12-01
4124,328,2025-02-15,Toys,30.5,DE,2025-02-01
4125,67,2025-02-08,Books,66.36,AU,2025-02-01
4126,209,2025-10-13,Sports,171.69,US,2025-10-01
4127,405,2025-11-29,Groceries,146.52,CA,2025-11-01
4128,375,2025-03-24,Books,66.52,IN,2025-03-01
4129,414,2025-02-15,Furniture,997.78,IN,2025-02-01
4130,301,2025-01-27,Electronics,550.27,DE,2025-01-01
4131,330,2025-08-19,Electronics,220.24,US,2025-08-01
4132,293,2025-01-29,Books,44.4,DE,2025-01-01
4133,187,2025-06-04,Furniture,565.81,US,2025-06-01
4134,98,2025-05-21,Groceries,53.51,DE,2025-05-01
4135,202,2025-08-10,Furniture,122.62,AU,2025-08-01
4136,4,2025-09-14,Books,39.77,UK,2025-09-01
4137,344,2025-06-23,Garden,43.45,AU,2025-06-01
4138,148,2025-09-22,Groceries,22.46,US,2025-09-01
4139,427,2025-03-31,Garden,180.5,AU,2025-03-01
4140,386,2025-09-03,Books,98.52,AU,2025-09-01
4141,46,2025-01-24,Furniture,281.57,US,2025-01-01
4142,100,2025-08-08,Toys,21.61,UK,2025-08-01
4143,97,2025-11-19,Home & Kitchen,324.23,CA,2025-11-01
4144,238,2025-05-30,Books,71.35,AU,2025-05-01
4145,270,2025-11-09,Home & Kitchen,291.57,UK,2025-11-01
4146,471,2025-07-20,Groceries,101.83,US,2025-07-01
4147,134,2025-07-28,Groceries,29.27,DE,2025-07-01
4148,437,2025-02-28,Sports,118.75,IN,2025-02-01
4149,215,2025-01-12,Beauty,55.46,US,2025-01-01
4150,434,2025-12-04,Electronics,705.97,US,2025-12-01
4151,191,2025-01-03,Furniture,733.1,UK,2025-01-01
4152,247,2025-01-21,Books,88.46,US,2025-01-01
4153,322,2025-11-09,Electronics,319.62,IN,2025-11-01
4154,36,2025-07-15,Clothing,58.1,CA,2025-07-01
4155,160,2025-06-04,Clothing,50.1,DE,2025-06-01
4156,337,2025-12-21,Garden,57.96,US,2025-12-01
4157,239,2025-06-25,Books,19.65,CA,2025-06-01
4158,475,2025-03-19,Groceries,33.92,CA,2025-03-01
4159,213,2025-08-25,Clothing,60.63,US,2025-08-01
4160,279,2025-02-26,Beauty,42.4,DE,2025-02-01
4161,464,2025-11-02,Clothing,171.2,AU,2025-11-01
4162,364,2025-02-01,Electronics,211.75,AU,2025-02-01
4163,61,2025-08-10,Sports,128.68,IN,2025-08-01
4164,392,2025-12-01,Groceries,40.74,CA,2025-12-01
4165,322,2025-01-02,Clothing,58.75,IN,2025-01-01
4166,495,2025-11-20,Garden,47.75,DE,2025-11-01
4167,496,2025-10-26,Beauty,123.83,US,2025-10-01
4168,252,2025-08-08,Books,31.63,CA,2025-08-01
4169,465,2025-11-08,Clothing,179.61,AU,2025-11-01
4170,291,2025-05-09,Electronics,491.32,AU,2025-05-01
4171,386,2025-07-21,Sports,175.27,AU,2025-07-01
4172,363,2025-03-20,Toys,60.41,DE,2025-03-01
4173,161,2025-12-21,Clothing,165.41,IN,2025-12-01
4174,394,2025-02-27,Beauty,28.68,UK,2025-02-01
4175,211,2025-09-14,Toys,114.22,IN,2025-09-01
4176,414,2025-01-13,Books,56.16,IN,2025-01-01
4177,58,2025-03-16,Sports,36.97,CA,2025-03-01
4178,475,2025-06-12,Sports,34.57,CA,2025-06-01
4179,353,2025-06-08,Home & Kitchen,34.46,DE,2025-06-01
4180,367,2025-04-12,Toys,14.85,CA,2025-04-01
4181,63,2025-11-15,Clothing,183.09,AU,2025-11-01
4182,402,2025-09-11,Books,89.68,DE,2025-09-01
4183,132,2025-01-08,Sports,126.38,IN,2025-01-01
4184,446,2025-11-16,Groceries,115.67,UK,2025-11-01
4185,151,2025-02-20,Clothing,96.62,IN,2025-02-01
4186,258,2025-03-05,Garden,142.91,UK,2025-03-01
4187,298,2025-07-03,Sports,96.19,CA,2025-07-01
4188,416,2025-03-17,Books,27.51,DE,2025-03-01
4189,96,2025-01-09,Books,44.06,CA,2025-01-01
4190,257,2025-10-07,Furniture,151.53,CA,2025-10-01
4191,224,2025-10-16,Clothing,162.14,US,2025-10-01
4192,61,2025-04-06,Sports,232.24,IN,2025-04-01
4193,193,2025-04-15,Home & Kitchen,120.51,UK,2025-04-01
4194,104,2025-12-10,Garden,187.97,UK,2025-12-01
4195,83,2025-07-21,Home & Kitchen,103,US,2025-07-01
4196,40,2025-10-04,Home & Kitchen,62.96,DE,2025-10-01
4197,92,2025-09-07,Toys,119.76,CA,2025-09-01
4198,414,2025-11-05,Home & Kitchen,253.8,IN,2025-11-01
4199,215,2025-12-23,Electronics,730.71,US,2025-12-01
4200,33,2025-10-20,Groceries,92.41,CA,2025-10-01
4201,458,2025-09-04,Home & Kitchen,270.29,CA,2025-09-01
4202,304,2025-03-11,Sports,124.58,AU,2025-03-01
4203,327,2025-07-05,Beauty,76.22,AU,2025-07-01
4204,248,2025-03-08,Home & Kitchen,192.07,UK,2025-03-01
4205,230,2025-10-02,Electronics,612.99,CA,2025-10-01
4206,279,2025-04-26,Groceries,76.06,DE,2025-04-01
4207,342,2025-06-03,Beauty,145.8,CA,2025-06-01
4208,174,2025-02-07,Toys,137.36,UK,2025-02-01
4209,441,2025-02-26,Groceries,103.21,IN,2025-02-01
4210,447,2025-06-20,Groceries,29.64,CA,2025-06-01
4211,253,2025-08-11,Furniture,268.53,CA,2025-08-01
4212,74,2025-06-15,Sports,122.04,CA,2025-06-01
4213,414,2025-12-09,Furniture,676.61,IN,2025-12-01
4214,213,2025-03-24,Electronics,755.8,US,2025-03-01
4215,356,2025-01-12,Furniture,697.17,US,2025-01-01
4216,203,2025-11-11,Toys,47.1,CA,2025-11-01
4217,44,2025-10-07,Toys,122.13,DE,2025-10-01
4218,140,2025-11-07,Garden,87.21,CA,2025-11-01
4219,326,2025-04-04,Books,75.89,IN,2025-04-01
4220,69,2025-07-25,Sports,130.51,AU,2025-07-01
4221,439,2025-12-04,Books,92.53,CA,2025-12-01
4222,400,2025-02-09,Home & Kitchen,93.47,US,2025-02-01
4223,431,2025-03-13,Books,16.16,AU,2025-03-01
4224,125,2025-07-07,Beauty,93.78,CA,2025-07-01
4225,186,2025-12-19,Books,76.48,CA,2025-12-01
4226,51,2025-08-18,Beauty,82.36,CA,2025-08-01
4227,9,2025-08-21,Furniture,622.09,IN,2025-08-01
4228,28,2025-12-15,Garden,184.66,DE,2025-12-01
4229,193,2025-11-05,Furniture,458.71,UK,2025-11-01
4230,306,2025-06-15,Books,75.64,US,2025-06-01
4231,42,2025-07-09,Books,76.26,CA,2025-07-01
4232,401,2025-02-03,Garden,234.35,CA,2025-02-01
4233,218,2025-11-25,Beauty,129.02,AU,2025-11-01
4234,212,2025-07-23,Home & Kitchen,315.37,CA,2025-07-01
4235,178,2025-03-03,Groceries,144.07,AU,2025-03-01
4236,166,2025-11-30,Furniture,520.37,CA,2025-11-01
4237,313,2025-05-14,Clothing,145.91,IN,2025-05-01
4238,331,2025-04-08,Clothing,68.19,UK,2025-04-01
4239,331,2025-02-09,Electronics,89.72,UK,2025-02-01
4240,20,2025-12-09,Groceries,65.5,US,2025-12-01
4241,423,2025-03-18,Beauty,141.29,AU,2025-03-01
4242,334,2025-01-09,Garden,143.84,DE,2025-01-01
4243,406,2025-07-20,Electronics,352.55,CA,2025-07-01
4244,216,2025-06-08,Beauty,137.1,CA,2025-06-01
4245,406,2025-11-21,Furniture,903.94,CA,2025-11-01
4246,57,2025-10-14,Beauty,111.23,AU,2025-10-01
4247,499,2025-04-01,Books,47.66,IN,2025-04-01
4248,198,2025-12-23,Toys,108.35,CA,2025-12-01
4249,473,2025-05-03,Sports,194.08,DE,2025-05-01
4250,408,2025-01-05,Clothing,169.33,AU,2025-01-01
4251,307,2025-05-25,Books,95.44,IN,2025-05-01
4252,154,2025-05-15,Books,74.57,IN,2025-05-01
4253,386,2025-08-04,Garden,146.69,AU,2025-08-01
4254,276,2025-03-15,Clothing,199.24,UK,2025-03-01
4255,141,2025-06-09,Books,58.15,DE,2025-06-01
4256,204,2025-06-04,Beauty,62.38,DE,2025-06-01
4257,303,2025-08-17,Garden,42.89,CA,2025-08-01
4258,98,2025-04-22,Electronics,733.69,DE,2025-04-01
4259,471,2025-08-17,Electronics,424.47,US,2025-08-01
4260,61,2025-01-04,Garden,54.66,IN,2025-01-01
4261,188,2025-01-25,Clothing,174.51,UK,2025-01-01
4262,214,2025-12-27,Beauty,97.79,US,2025-12-01
4263,262,2025-11-09,Garden,102.28,US,2025-11-01
4264,80,2025-12-26,Garden,260.91,AU,2025-12-01
4265,473,2025-10-10,Beauty,87.69,DE,2025-10-01
4266,474,2025-01-17,Electronics,522.5,UK,2025-01-01
4267,335,2025-10-16,Furniture,309.85,US,2025-10-01
4268,297,2025-11-10,Clothing,139.39,DE,2025-11-01
4269,51,2025-07-20,Furniture,931.11,CA,2025-07-01
4270,98,2025-10-10,Clothing,80.16,DE,2025-10-01
4271,207,2025-07-31,Groceries,15.52,IN,2025-07-01
4272,62,2025-06-26,Garden,280.79,IN,2025-06-01
4273,264,2025-04-17,Toys,148.71,CA,2025-04-01
4274,261,2025-10-12,Groceries,45.35,CA,2025-10-01
4275,181,2025-03-23,Toys,47.97,US,2025-03-01
4276,231,2025-05-14,Home & Kitchen,32.19,IN,2025-05-01
4277,146,2025-07-01,Toys,41.95,AU,2025-07-01
4278,350,2025-09-27,Toys,15.76,UK,2025-09-01
4279,465,2025-06-12,Garden,202.14,AU,2025-06-01
4280,160,2025-06-24,Groceries,103.92,DE,2025-06-01
4281,148,2025-10-15,Clothing,157.5,US,2025-10-01
4282,493,2025-12-21,Home & Kitchen,171.1,UK,2025-12-01
4283,250,2025-09-20,Garden,105.74,UK,2025-09-01
4284,78,2025-02-20,Groceries,33.86,US,2025-02-01
4285,404,2025-02-15,Furniture,892.7,UK,2025-02-01
4286,322,2025-01-26,Sports,20.4,IN,2025-01-01
4287,117,2025-04-30,Furniture,604.41,US,2025-04-01
4288,422,2025-08-25,Sports,185.68,AU,2025-08-01
4289,445,2025-12-16,Home & Kitchen,195.48,DE,2025-12-01
4290,220,2025-06-27,Groceries,82.11,DE,2025-06-01
4291,363,2025-04-06,Garden,89.5,DE,2025-04-01
4292,491,2025-03-11,Furniture,103.55,AU,2025-03-01
4293,471,2025-01-06,Groceries,90.55,US,2025-01-01
4294,235,2025-11-05,Books,44.72,IN,2025-11-01
4295,189,2025-11-22,Electronics,89.72,CA,2025-11-01
4296,157,2025-09-13,Books,66.71,AU,2025-09-01
4297,327,2025-11-22,Furniture,305.19,AU,2025-11-01
4298,279,2025-10-05,Home & Kitchen,66.2,DE,2025-10-01
4299,359,2025-12-23,Beauty,121.43,DE,2025-12-01
4300,263,2025-12-16,Garden,176.33,US,2025-12-01
4301,275,2025-04-08,Books,65.33,US,2025-04-01
4302,470,2025-09-28,Clothing,88.02,CA,2025-09-01
4303,351,2025-02-13,Groceries,12.89,US,2025-02-01
4304,298,2025-07-19,Clothing,22.35,CA,2025-07-01
4305,176,2025-05-22,Garden,194.48,CA,2025-05-01
4306,158,2025-11-06,Home & Kitchen,149.54,US,2025-11-01
4307,491,2025-11-24,Sports,175.77,AU,2025-11-01
4308,150,2025-07-30,Electronics,78.7,DE,2025-07-01
4309,348,2025-01-26,Groceries,106.4,AU,2025-01-01
4310,189,2025-03-28,Electronics,566.37,CA,2025-03-01
4311,1,2025-10-31,Furniture,543.9,DE,2025-10-01
4312,492,2025-12-25,Garden,273.55,DE,2025-12-01
4313,348,2025-04-08,Home & Kitchen,343.09,AU,2025-04-01
4314,1,2025-09-23,Sports,28.92,DE,2025-09-01
4315,308,2025-03-04,Clothing,100.6,UK,2025-03-01
4316,229,2025-05-09,Furniture,270.77,DE,2025-05-01
4317,337,2025-01-16,Sports,195.42,US,2025-01-01
4318,1,2025-10-16,Clothing,146.08,DE,2025-10-01
4319,211,2025-12-16,Electronics,373.49,IN,2025-12-01
4320,66,2025-11-09,Garden,129.32,AU,2025-11-01
4321,377,2025-07-26,Beauty,67.51,UK,2025-07-01
4322,160,2025-10-20,Electronics,391.32,DE,2025-10-01
4323,65,2025-12-11,Garden,152.16,DE,2025-12-01
4324,415,2025-12-25,Home & Kitchen,189.73,DE,2025-12-01
4325,265,2025-10-05,Garden,286.68,CA,2025-10-01
4326,383,2025-05-24,Books,48.71,DE,2025-05-01
4327,2,2025-02-28,Home & Kitchen,214.43,AU,2025-02-01
4328,57,2025-08-28,Home & Kitchen,265.36,AU,2025-08-01
4329,190,2025-07-02,Sports,175.93,IN,2025-07-01
4330,426,2025-01-07,Sports,101.65,DE,2025-01-01
4331,365,2025-11-19,Sports,39.74,AU,2025-11-01
4332,500,2025-08-06,Sports,73.08,IN,2025-08-01
4333,66,2025-03-11,Toys,94.35,AU,2025-03-01
4334,26,2025-08-06,Electronics,105.89,US,2025-08-01
4335,212,2025-04-08,Toys,96.96,CA,2025-04-01
4336,119,2025-09-10,Sports,249.64,CA,2025-09-01
4337,126,2025-02-08,Toys,137.61,AU,2025-02-01
4338,212,2025-05-05,Toys,137.9,CA,2025-05-01
4339,365,2025-12-21,Toys,143.56,AU,2025-12-01
4340,493,2025-10-06,Books,74.89,UK,2025-10-01
4341,64,2025-11-22,Home & Kitchen,322.7,AU,2025-11-01
4342,59,2025-04-11,Books,69.25,US,2025-04-01
4343,191,2025-11-21,Books,66.98,UK,2025-11-01
4344,45,2025-05-01,Furniture,757.39,AU,2025-05-01
4345,201,2025-12-31,Groceries,63.54,CA,2025-12-01
4346,76,2025-06-03,Sports,98.53,AU,2025-06-01
4347,163,2025-12-19,Home & Kitchen,149.91,US,2025-12-01
4348,358,2025-01-19,Groceries,46.94,UK,2025-01-01
4349,493,2025-11-28,Beauty,127.41,UK,2025-11-01
4350,220,2025-07-01,Furniture,552.95,DE,2025-07-01
4351,30,2025-01-21,Sports,124.2,AU,2025-01-01
4352,383,2025-03-13,Beauty,48.19,DE,2025-03-01
4353,286,2025-10-17,Beauty,95.39,UK,2025-10-01
4354,87,2025-07-28,Books,35.93,US,2025-07-01
4355,112,2025-08-30,Toys,18.59,AU,2025-08-01
4356,291,2025-05-07,Sports,126.73,AU,2025-05-01
4357,494,2025-05-17,Electronics,175.66,DE,2025-05-01
4358,343,2025-09-12,Clothing,20.76,IN,2025-09-01
4359,206,2025-10-08,Groceries,42.48,US,2025-10-01
4360,438,2025-09-18,Electronics,443.04,AU,2025-09-01
4361,430,2025-08-21,Sports,140.71,US,2025-08-01
4362,177,2025-06-04,Garden,280.82,CA,2025-06-01
4363,361,2025-06-01,Clothing,38.09,CA,2025-06-01
4364,115,2025-01-29,Clothing,170.81,DE,2025-01-01
4365,287,2025-11-25,Home & Kitchen,196.82,CA,2025-11-01
4366,286,2025-07-20,Sports,105.86,UK,2025-07-01
4367,28,2025-03-19,Sports,241.6,DE,2025-03-01
4368,208,2025-06-05,Books,67.14,UK,2025-06-01
4369,181,2025-07-22,Garden,229.8,US,2025-07-01
4370,22,2025-09-30,Electronics,682.16,CA,2025-09-01
4371,55,2025-08-10,Electronics,375.54,DE,2025-08-01
4372,405,2025-02-13,Groceries,116.92,CA,2025-02-01
4373,29,2025-10-30,Clothing,182.91,IN,2025-10-01
4374,160,2025-02-10,Groceries,109.12,DE,2025-02-01
4375,196,2025-01-10,Books,83.6,US,2025-01-01
4376,318,2025-11-06,Books,92.72,CA,2025-11-01
4377,373,2025-11-27,Furniture,945.5,IN,2025-11-01
4378,204,2025-03-18,Sports,57.87,DE,2025-03-01
4379,451,2025-11-27,Furniture,570.17,US,2025-11-01
4380,14,2025-07-19,Books,14.14,DE,2025-07-01
4381,246,2025-08-01,Sports,229.08,AU,2025-08-01
4382,310,2025-11-17,Garden,27.94,UK,2025-11-01
4383,109,2025-03-31,Beauty,81.51,US,2025-03-01
4384,478,2025-05-04,Clothing,90.28,IN,2025-05-01
4385,14,2025-04-15,Home & Kitchen,313.07,DE,2025-04-01
4386,274,2025-08-09,Home & Kitchen,164.99,UK,2025-08-01
4387,490,2025-07-10,Groceries,93.34,AU,2025-07-01
4388,436,2025-10-03,Furniture,829.31,IN,2025-10-01
4389,376,2025-01-16,Toys,144.15,UK,2025-01-01
4390,10,2025-02-07,Garden,261.65,AU,2025-02-01
4391,286,2025-11-15,Groceries,11.8,UK,2025-11-01
4392,114,2025-01-20,Home & Kitchen,112.56,AU,2025-01-01
4393,345,2025-07-08,Toys,48.97,IN,2025-07-01
4394,336,2025-06-19,Beauty,97.75,UK,2025-06-01
4395,269,2025-10-01,Clothing,57.8,IN,2025-10-01
4396,428,2025-09-29,Garden,108.51,IN,2025-09-01
4397,154,2025-09-21,Electronics,671.85,IN,2025-09-01
4398,117,2025-02-08,Electronics,454.73,US,2025-02-01
4399,218,2025-12-07,Sports,45.11,AU,2025-12-01
4400,152,2025-11-16,Beauty,42.05,DE,2025-11-01
4401,351,2025-01-03,Sports,167.43,US,2025-01-01
4402,169,2025-01-25,Sports,246.59,CA,2025-01-01
4403,160,2025-03-11,Toys,105.48,DE,2025-03-01
4404,283,2025-02-01,Clothing,23.15,IN,2025-02-01
4405,394,2025-01-02,Home & Kitchen,229.25,UK,2025-01-01
4406,474,2025-12-24,Furniture,656.49,UK,2025-12-01
4407,500,2025-08-29,Electronics,318.02,IN,2025-08-01
4408,125,2025-10-10,Home & Kitchen,238.92,CA,2025-10-01
4409,394,2025-07-30,Sports,233.98,UK,2025-07-01
4410,258,2025-01-02,Clothing,33.47,UK,2025-01-01
4411,326,2025-08-16,Garden,279.39,IN,2025-08-01
4412,476,2025-10-25,Books,57.33,US,2025-10-01
4413,57,2025-05-15,Clothing,169.41,AU,2025-05-01
4414,248,2025-10-30,Garden,293.68,UK,2025-10-01
4415,450,2025-01-31,Furniture,213.7,AU,2025-01-01
4416,173,2025-09-07,Toys,13.98,IN,2025-09-01
4417,111,2025-02-06,Sports,108.93,AU,2025-02-01
4418,466,2025-06-18,Home & Kitchen,230.77,AU,2025-06-01
4419,18,2025-12-08,Clothing,81.82,US,2025-12-01
4420,331,2025-07-02,Groceries,86.32,UK,2025-07-01
4421,128,2025-03-16,Toys,35.28,DE,2025-03-01
4422,7,2025-09-23,Beauty,137.15,DE,2025-09-01
4423,14,2025-08-14,Home & Kitchen,147.64,DE,2025-08-01
4424,56,2025-12-22,Clothing,51.1,US,2025-12-01
4425,434,2025-09-11,Groceries,47.3,US,2025-09-01
4426,358,2025-08-23,Books,56.15,UK,2025-08-01
4427,162,2025-10-23,Electronics,720.91,DE,2025-10-01
4428,304,2025-03-07,Books,60.54,AU,2025-03-01
4429,210,2025-02-28,Sports,246.58,UK,2025-02-01
4430,318,2025-01-01,Books,31.35,CA,2025-01-01
4431,374,2025-09-07,Furniture,409.4,CA,2025-09-01
4432,280,2025-12-11,Beauty,78.9,UK,2025-12-01
4433,457,2025-05-25,Toys,109.29,UK,2025-05-01
4434,297,2025-01-18,Electronics,61.55,DE,2025-01-01
4435,1,2025-01-07,Furniture,753.14,DE,2025-01-01
4436,320,2025-02-22,Garden,246.63,US,2025-02-01
4437,162,2025-10-24,Books,59.21,DE,2025-10-01
4438,242,2025-03-31,Clothing,109.27,US,2025-03-01
4439,445,2025-01-13,Toys,145.06,DE,2025-01-01
4440,93,2025-06-12,Home & Kitchen,196.07,DE,2025-06-01
4441,346,2025-05-23,Sports,68.62,CA,2025-05-01
4442,166,2025-04-24,Toys,87.84,CA,2025-04-01
4443,434,2025-01-11,Electronics,643.78,US,2025-01-01
4444,483,2025-10-18,Toys,77.32,IN,2025-10-01
4445,145,2025-12-15,Sports,206.39,AU,2025-12-01
4446,354,2025-12-13,Groceries,77.58,UK,2025-12-01
4447,258,2025-03-06,Books,28.43,UK,2025-03-01
4448,422,2025-12-24,Electronics,164.02,AU,2025-12-01
4449,358,2025-03-28,Garden,49.75,UK,2025-03-01
4450,96,2025-05-28,Toys,100.67,CA,2025-05-01
4451,270,2025-02-12,Sports,186.03,UK,2025-02-01
4452,251,2025-03-17,Home & Kitchen,184.13,US,2025-03-01
4453,385,2025-07-28,Sports,242.55,DE,2025-07-01
4454,250,2025-04-15,Groceries,56.32,UK,2025-04-01
4455,185,2025-08-28,Sports,24.64,CA,2025-08-01
4456,447,2025-03-14,Beauty,89.66,CA,2025-03-01
4457,445,2025-06-16,Groceries,53.87,DE,2025-06-01
4458,100,2025-05-05,Clothing,25.71,UK,2025-05-01
4459,442,2025-02-09,Groceries,5.87,CA,2025-02-01
4460,276,2025-07-03,Garden,179.42,UK,2025-07-01
4461,333,2025-01-06,Sports,115.9,DE,2025-01-01
4462,303,2025-05-01,Home & Kitchen,330.45,CA,2025-05-01
4463,171,2025-10-25,Home & Kitchen,226.65,AU,2025-10-01
4464,39,2025-12-08,Clothing,191.89,UK,2025-12-01
4465,441,2025-10-02,Toys,39.25,IN,2025-10-01
4466,375,2025-02-14,Garden,89.82,IN,2025-02-01
4467,220,2025-08-28,Books,19.66,DE,2025-08-01
4468,315,2025-07-10,Clothing,71.14,CA,2025-07-01
4469,442,2025-02-21,Books,73.26,CA,2025-02-01
4470,278,2025-10-24,Electronics,386.16,US,2025-10-01
4471,300,2025-11-03,Furniture,623.98,UK,2025-11-01
4472,382,2025-06-14,Furniture,986.61,UK,2025-06-01
4473,185,2025-09-26,Furniture,875.59,CA,2025-09-01
4474,420,2025-06-11,Toys,88.95,IN,2025-06-01
4475,227,2025-12-02,Books,24.36,CA,2025-12-01
4476,81,2025-09-01,Clothing,140.26,US,2025-09-01
4477,326,2025-10-09,Sports,200.41,IN,2025-10-01
4478,162,2025-02-04,Books,14.42,DE,2025-02-01
4479,61,2025-04-22,Books,16.6,IN,2025-04-01
4480,255,2025-11-26,Home & Kitchen,313.2,US,2025-11-01
4481,166,2025-06-30,Books,91.01,CA,2025-06-01
4482,431,2025-03-03,Garden,240.54,AU,2025-03-01
4483,78,2025-06-03,Toys,25.93,US,2025-06-01
4484,136,2025-07-24,Clothing,64.31,AU,2025-07-01
4485,35,2025-10-27,Furniture,417.66,UK,2025-10-01
4486,439,2025-05-01,Beauty,21.13,CA,2025-05-01
4487,168,2025-06-19,Furniture,739.72,DE,2025-06-01
4488,72,2025-05-01,Clothing,67.04,UK,2025-05-01
4489,134,2025-06-17,Toys,122.18,DE,2025-06-01
4490,154,2025-05-22,Clothing,71.39,IN,2025-05-01
4491,180,2025-07-02,Electronics,286.48,CA,2025-07-01
4492,427,2025-07-15,Beauty,109.5,AU,2025-07-01
4493,4,2025-12-18,Garden,101.25,UK,2025-12-01
4494,11,2025-06-15,Furniture,601.1,AU,2025-06-01
4495,377,2025-01-02,Garden,147.71,UK,2025-01-01
4496,148,2025-03-07,Sports,229.26,US,2025-03-01
4497,152,2025-01-07,Furniture,309.02,DE,2025-01-01
4498,343,2025-06-21,Books,81.13,IN,2025-06-01
4499,122,2025-09-23,Beauty,131.46,AU,2025-09-01
4500,4,2025-01-21,Furniture,675.02,UK,2025-01-01
4501,241,2025-10-18,Clothing,175.48,CA,2025-10-01
4502,132,2025-06-12,Toys,77.22,IN,2025-06-01
4503,468,2025-10-10,Books,65.66,UK,2025-10-01
4504,320,2025-01-05,Sports,177.57,US,2025-01-01
4505,355,2025-11-05,Home & Kitchen,340.96,DE,2025-11-01
4506,385,2025-08-01,Groceries,92.51,DE,2025-08-01
4507,15,2025-08-20,Toys,12.66,CA,2025-08-01
4508,336,2025-10-18,Sports,84.38,UK,2025-10-01
4509,482,2025-01-27,Books,18.15,DE,2025-01-01
4510,338,2025-12-10,Electronics,182.11,AU,2025-12-01
4511,244,2025-09-17,Toys,143.95,DE,2025-09-01
4512,11,2025-07-23,Clothing,24.45,AU,2025-07-01
4513,57,2025-08-15,Toys,133.99,AU,2025-08-01
4514,161,2025-10-20,Furniture,869.37,IN,2025-10-01
4515,141,2025-06-09,Clothing,58.5,DE,2025-06-01
4516,1,2025-05-16,Home & Kitchen,179,DE,2025-05-01
4517,191,2025-06-26,Toys,139.07,UK,2025-06-01
4518,116,2025-07-22,Toys,76.75,AU,2025-07-01
4519,64,2025-09-04,Furniture,753.07,AU,2025-09-01
4520,250,2025-10-04,Electronics,595.36,UK,2025-10-01
4521,291,2025-10-24,Clothing,118.93,AU,2025-10-01
4522,20,2025-08-21,Garden,157.29,US,2025-08-01
4523,332,2025-10-24,Beauty,51.44,AU,2025-10-01
4524,336,2025-03-17,Books,92.14,UK,2025-03-01
4525,481,2025-09-26,Electronics,541.89,US,2025-09-01
4526,343,2025-08-12,Electronics,658.01,IN,2025-08-01
4527,386,2025-10-18,Groceries,10.69,AU,2025-10-01
4528,68,2025-07-13,Home & Kitchen,308.62,US,2025-07-01
4529,438,2025-04-07,Electronics,626.46,AU,2025-04-01
4530,453,2025-07-10,Garden,59.61,DE,2025-07-01
4531,83,2025-10-24,Furniture,787.41,US,2025-10-01
4532,448,2025-09-18,Furniture,425.84,IN,2025-09-01
4533,319,2025-08-08,Garden,222.87,DE,2025-08-01
4534,291,2025-06-27,Beauty,65.51,AU,2025-06-01
4535,34,2025-02-18,Furniture,662.1,IN,2025-02-01
4536,488,2025-09-27,Toys,144.85,IN,2025-09-01
4537,340,2025-03-02,Groceries,43.61,UK,2025-03-01
4538,154,2025-12-27,Clothing,66.9,IN,2025-12-01
4539,170,2025-12-27,Electronics,374,AU,2025-12-01
4540,447,2025-11-28,Clothing,40.7,CA,2025-11-01
4541,313,2025-06-10,Clothing,73.04,IN,2025-06-01
4542,375,2025-03-05,Home & Kitchen,206.82,IN,2025-03-01
4543,5,2025-03-12,Electronics,499.41,UK,2025-03-01
4544,435,2025-10-04,Books,43.01,US,2025-10-01
4545,485,2025-01-11,Sports,34.92,US,2025-01-01
4546,22,2025-10-29,Clothing,173.72,CA,2025-10-01
4547,4,2025-08-22,Beauty,134,UK,2025-08-01
4548,352,2025-01-30,Beauty,146.24,UK,2025-01-01
4549,399,2025-02-26,Furniture,826.57,DE,2025-02-01
4550,131,2025-07-25,Sports,170.68,AU,2025-07-01
4551,495,2025-04-11,Toys,82.09,DE,2025-04-01
4552,231,2025-05-17,Toys,149.37,IN,2025-05-01
4553,79,2025-11-21,Beauty,140.44,IN,2025-11-01
4554,217,2025-02-21,Furniture,314.23,AU,2025-02-01
4555,88,2025-05-08,Garden,41.34,AU,2025-05-01
4556,246,2025-11-07,Groceries,26.12,AU,2025-11-01
4557,226,2025-09-11,Home & Kitchen,48.96,US,2025-09-01
4558,171,2025-12-04,Books,62.73,AU,2025-12-01
4559,40,2025-03-16,Groceries,137.7,DE,2025-03-01
4560,244,2025-08-17,Books,75.46,DE,2025-08-01
4561,34,2025-02-20,Clothing,98.89,IN,2025-02-01
4562,306,2025-08-05,Books,85.84,US,2025-08-01
4563,470,2025-06-22,Books,83.52,CA,2025-06-01
4564,147,2025-12-12,Clothing,181.48,IN,2025-12-01
4565,46,2025-09-26,Garden,226.81,US,2025-09-01
4566,170,2025-04-06,Home & Kitchen,255.37,AU,2025-04-01
4567,3,2025-01-11,Electronics,570.47,DE,2025-01-01
4568,130,2025-05-02,Books,82.38,IN,2025-05-01
4569,38,2025-07-20,Home & Kitchen,330.93,US,2025-07-01
4570,416,2025-09-29,Garden,94.23,DE,2025-09-01
4571,181,2025-10-25,Toys,138.43,US,2025-10-01
4572,331,2025-05-26,Beauty,19.08,UK,2025-05-01
4573,127,2025-04-25,Sports,47.21,CA,2025-04-01
4574,204,2025-03-19,Home & Kitchen,230.54,DE,2025-03-01
4575,384,2025-09-26,Sports,234.15,DE,2025-09-01
4576,402,2025-10-17,Furniture,172.94,DE,2025-10-01
4577,30,2025-10-14,Electronics,707.56,AU,2025-10-01
4578,391,2025-09-22,Electronics,209.69,IN,2025-09-01
4579,269,2025-06-19,Clothing,169.05,IN,2025-06-01
4580,461,2025-11-27,Garden,82.27,AU,2025-11-01
4581,75,2025-12-19,Sports,127.96,CA,2025-12-01
4582,333,2025-12-27,Groceries,111.85,DE,2025-12-01
4583,213,2025-02-17,Toys,42.6,US,2025-02-01
4584,494,2025-04-20,Home & Kitchen,166.39,DE,2025-04-01
4585,266,2025-07-07,Beauty,56,IN,2025-07-01
4586,144,2025-07-03,Electronics,481.6,US,2025-07-01
4587,237,2025-07-26,Garden,237.74,UK,2025-07-01
4588,181,2025-11-24,Garden,166.52,US,2025-11-01
4589,385,2025-06-04,Groceries,83.21,DE,2025-06-01
4590,57,2025-02-09,Toys,36.39,AU,2025-02-01
4591,7,2025-08-10,Garden,240.69,DE,2025-08-01
4592,163,2025-07-24,Sports,124.83,US,2025-07-01
4593,94,2025-06-13,Sports,241.6,AU,2025-06-01
4594,80,2025-10-01,Electronics,706.93,AU,2025-10-01
4595,74,2025-07-13,Groceries,15.95,CA,2025-07-01
4596,337,2025-10-13,Home & Kitchen,284.59,US,2025-10-01
4597,65,2025-10-15,Sports,76.32,DE,2025-10-01
4598,228,2025-07-21,Clothing,170.26,UK,2025-07-01
4599,60,2025-07-24,Sports,234.27,UK,2025-07-01
4600,60,2025-03-16,Garden,126.05,UK,2025-03-01
4601,153,2025-11-07,Sports,155.76,CA,2025-11-01
4602,442,2025-04-09,Toys,14.44,CA,2025-04-01
4603,438,2025-08-22,Clothing,68.38,AU,2025-08-01
4604,130,2025-06-18,Clothing,76.83,IN,2025-06-01
4605,418,2025-08-04,Electronics,619.6,AU,2025-08-01
4606,293,2025-10-28,Home & Kitchen,141.4,DE,2025-10-01
4607,325,2025-11-17,Toys,22.1,US,2025-11-01
4608,115,2025-03-01,Clothing,129.69,DE,2025-03-01
4609,246,2025-05-10,Books,70.44,AU,2025-05-01
4610,238,2025-04-24,Sports,164.81,AU,2025-04-01
4611,71,2025-03-08,Garden,117.22,US,2025-03-01
4612,34,2025-09-08,Electronics,518.22,IN,2025-09-01
4613,190,2025-11-04,Beauty,27.68,IN,2025-11-01
4614,238,2025-03-24,Home & Kitchen,108.32,AU,2025-03-01
4615,292,2025-04-17,Garden,66.82,IN,2025-04-01
4616,364,2025-10-20,Beauty,132.63,AU,2025-10-01
4617,488,2025-01-16,Clothing,145.85,IN,2025-01-01
4618,48,2025-11-07,Furniture,705.63,CA,2025-11-01
4619,188,2025-01-03,Books,36.81,UK,2025-01-01
4620,403,2025-05-19,Groceries,61.09,IN,2025-05-01
4621,97,2025-05-01,Home & Kitchen,135.04,CA,2025-05-01
4622,221,2025-08-14,Sports,193.04,US,2025-08-01
4623,20,2025-02-22,Clothing,145.76,US,2025-02-01
4624,342,2025-09-23,Toys,61,CA,2025-09-01
4625,15,2025-04-05,Beauty,17.5,CA,2025-04-01
4626,267,2025-07-17,Electronics,391.84,CA,2025-07-01
4627,306,2025-10-03,Garden,294.37,US,2025-10-01
4628,433,2025-04-19,Toys,101.09,IN,2025-04-01
4629,67,2025-11-25,Books,70.25,AU,2025-11-01
4630,125,2025-02-07,Toys,12.87,CA,2025-02-01
4631,24,2025-02-24,Garden,176.82,UK,2025-02-01
4632,446,2025-03-13,Home & Kitchen,263.95,UK,2025-03-01
4633,324,2025-12-31,Beauty,45.73,CA,2025-12-01
4634,289,2025-08-12,Garden,65.31,UK,2025-08-01
4635,397,2025-03-11,Beauty,11.01,US,2025-03-01
4636,177,2025-09-12,Groceries,86.41,CA,2025-09-01
4637,373,2025-01-15,Sports,148.65,IN,2025-01-01
4638,112,2025-06-09,Toys,104.18,AU,2025-06-01
4639,309,2025-04-28,Toys,71.12,AU,2025-04-01
4640,376,2025-02-04,Beauty,22.22,UK,2025-02-01
4641,95,2025-12-26,Sports,122.64,UK,2025-12-01
4642,187,2025-11-04,Clothing,64.38,US,2025-11-01
4643,70,2025-08-01,Groceries,100.24,UK,2025-08-01
4644,376,2025-07-11,Sports,76.27,UK,2025-07-01
4645,391,2025-11-09,Home & Kitchen,162.23,IN,2025-11-01
4646,167,2025-08-19,Clothing,169.48,UK,2025-08-01
4647,444,2025-03-15,Garden,164.57,AU,2025-03-01
4648,319,2025-11-20,Books,94.33,DE,2025-11-01
4649,316,2025-02-02,Beauty,17.21,DE,2025-02-01
4650,310,2025-12-15,Electronics,159.87,UK,2025-12-01
4651,149,2025-09-18,Sports,206.43,AU,2025-09-01
4652,89,2025-08-26,Beauty,73.08,AU,2025-08-01
4653,340,2025-09-07,Beauty,75.13,UK,2025-09-01
4654,238,2025-03-03,Beauty,103.2,AU,2025-03-01
4655,431,2025-06-07,Electronics,732.15,AU,2025-06-01
4656,261,2025-06-03,Electronics,314.79,CA,2025-06-01
4657,95,2025-02-24,Sports,80.86,UK,2025-02-01
4658,48,2025-02-08,Furniture,490.37,CA,2025-02-01
4659,417,2025-04-15,Furniture,975.57,DE,2025-04-01
4660,10,2025-01-09,Electronics,636.65,AU,2025-01-01
4661,271,2025-08-20,Beauty,49.96,CA,2025-08-01
4662,248,2025-11-26,Beauty,35.8,UK,2025-11-01
4663,221,2025-01-05,Groceries,98.08,US,2025-01-01
4664,51,2025-05-30,Garden,203.81,CA,2025-05-01
4665,373,2025-06-05,Garden,232.66,IN,2025-06-01
4666,382,2025-09-30,Books,11.85,UK,2025-09-01
4667,21,2025-05-30,Groceries,15.21,US,2025-05-01
4668,4,2025-12-14,Clothing,163.41,UK,2025-12-01
4669,47,2025-07-25,Clothing,123.86,UK,2025-07-01
4670,117,2025-01-01,Groceries,38.61,US,2025-01-01
4671,351,2025-09-23,Home & Kitchen,291.8,US,2025-09-01
4672,402,2025-03-20,Home & Kitchen,53.13,DE,2025-03-01
4673,315,2025-01-17,Sports,37.79,CA,2025-01-01
4674,265,2025-12-23,Home & Kitchen,240.19,CA,2025-12-01
4675,480,2025-12-02,Groceries,88.82,IN,2025-12-01
4676,53,2025-05-18,Home & Kitchen,175.73,US,2025-05-01
4677,97,2025-03-25,Beauty,35.06,CA,2025-03-01
4678,417,2025-02-12,Toys,98.59,DE,2025-02-01
4679,347,2025-05-10,Groceries,17.35,IN,2025-05-01
4680,8,2025-03-28,Clothing,198.96,CA,2025-03-01
4681,469,2025-04-27,Furniture,280.62,DE,2025-04-01
4682,369,2025-08-22,Electronics,570.07,UK,2025-08-01
4683,35,2025-11-27,Garden,187.62,UK,2025-11-01
4684,28,2025-03-12,Clothing,79.56,DE,2025-03-01
4685,338,2025-07-30,Books,52.25,AU,2025-07-01
4686,408,2025-06-19,Clothing,160.62,AU,2025-06-01
4687,96,2025-09-16,Garden,242.68,CA,2025-09-01
4688,115,2025-04-17,Clothing,196.99,DE,2025-04-01
4689,438,2025-10-06,Books,38.11,AU,2025-10-01
4690,165,2025-10-13,Groceries,78.98,CA,2025-10-01
4691,388,2025-01-11,Toys,48.8,US,2025-01-01
4692,224,2025-11-10,Groceries,10.87,US,2025-11-01
4693,104,2025-01-26,Clothing,122,UK,2025-01-01
4694,16,2025-05-28,Toys,58.92,DE,2025-05-01
4695,30,2025-05-22,Groceries,119.34,AU,2025-05-01
4696,388,2025-07-02,Toys,73.79,US,2025-07-01
4697,394,2025-04-08,Books,55.16,UK,2025-04-01
4698,237,2025-03-19,Sports,32.72,UK,2025-03-01
4699,281,2025-02-01,Beauty,56.92,UK,2025-02-01
4700,245,2025-12-19,Beauty,18.36,US,2025-12-01
4701,240,2025-05-14,Sports,153.26,US,2025-05-01
4702,19,2025-08-31,Sports,185.68,IN,2025-08-01
4703,437,2025-01-25,Garden,146.25,IN,2025-01-01
4704,359,2025-10-07,Electronics,67.69,DE,2025-10-01
4705,473,2025-03-06,Toys,47.98,DE,2025-03-01
4706,280,2025-08-09,Home & Kitchen,257.6,UK,2025-08-01
4707,230,2025-12-12,Books,41,CA,2025-12-01
4708,57,2025-10-02,Sports,37.53,AU,2025-10-01
4709,19,2025-05-13,Sports,39.77,IN,2025-05-01
4710,483,2025-12-14,Home & Kitchen,200.29,IN,2025-12-01
4711,384,2025-12-16,Books,76.18,DE,2025-12-01
4712,424,2025-09-16,Home & Kitchen,93.01,IN,2025-09-01
4713,306,2025-11-11,Books,88.43,US,2025-11-01
4714,14,2025-06-16,Beauty,45.91,DE,2025-06-01
4715,178,2025-03-09,Furniture,876.39,AU,2025-03-01
4716,426,2025-01-09,Sports,58.37,DE,2025-01-01
4717,239,2025-06-16,Sports,94.48,CA,2025-06-01
4718,140,2025-05-11,Garden,261.02,CA,2025-05-01
4719,467,2025-09-30,Sports,189.74,UK,2025-09-01
4720,460,2025-12-28,Furniture,181.68,US,2025-12-01
4721,303,2025-11-01,Sports,95.18,CA,2025-11-01
4722,121,2025-02-09,Books,17.45,AU,2025-02-01
4723,300,2025-03-20,Beauty,11.97,UK,2025-03-01
4724,390,2025-02-24,Clothing,103.02,IN,2025-02-01
4725,236,2025-09-06,Groceries,149.62,AU,2025-09-01
4726,130,2025-12-29,Toys,144.94,IN,2025-12-01
4727,363,2025-10-13,Toys,43.46,DE,2025-10-01
4728,83,2025-05-27,Clothing,166.07,US,2025-05-01
4729,110,2025-12-22,Furniture,971.53,AU,2025-12-01
4730,460,2025-12-25,Home & Kitchen,103.38,US,2025-12-01
4731,379,2025-03-10,Electronics,712.84,DE,2025-03-01
4732,434,2025-01-06,Clothing,175.61,US,2025-01-01
4733,402,2025-02-14,Garden,52.8,DE,2025-02-01
4734,251,2025-01-02,Sports,86.98,US,2025-01-01
4735,438,2025-08-10,Electronics,458.53,AU,2025-08-01
4736,29,2025-02-11,Books,34.76,IN,2025-02-01
4737,369,2025-04-07,Electronics,123.18,UK,2025-04-01
4738,344,2025-04-28,Garden,107.29,AU,2025-04-01
4739,341,2025-07-02,Home & Kitchen,40.32,UK,2025-07-01
4740,233,2025-11-11,Garden,171.24,UK,2025-11-01
4741,211,2025-07-07,Sports,170.22,IN,2025-07-01
4742,483,2025-08-13,Furniture,673.41,IN,2025-08-01
4743,256,2025-06-17,Beauty,112.84,CA,2025-06-01
4744,498,2025-04-23,Furniture,919.67,AU,2025-04-01
4745,81,2025-05-13,Furniture,748.9,US,2025-05-01
4746,475,2025-10-08,Home & Kitchen,108.49,CA,2025-10-01
4747,139,2025-09-13,Electronics,633.62,UK,2025-09-01
4748,32,2025-09-20,Garden,123.25,DE,2025-09-01
4749,104,2025-01-07,Garden,62.23,UK,2025-01-01
4750,79,2025-09-02,Books,83.61,IN,2025-09-01
4751,79,2025-11-02,Groceries,30.18,IN,2025-11-01
4752,471,2025-01-11,Groceries,86.64,US,2025-01-01
4753,72,2025-07-30,Sports,39.74,UK,2025-07-01
4754,154,2025-11-01,Toys,44.86,IN,2025-11-01
4755,113,2025-03-15,Furniture,581.6,DE,2025-03-01
4756,185,2025-01-08,Clothing,191.25,CA,2025-01-01
4757,231,2025-12-16,Books,83.68,IN,2025-12-01
4758,438,2025-06-22,Books,92.5,AU,2025-06-01
4759,492,2025-12-01,Sports,236.68,DE,2025-12-01
4760,274,2025-12-04,Home & Kitchen,177.54,UK,2025-12-01
4761,422,2025-05-21,Electronics,747.2,AU,2025-05-01
4762,242,2025-03-13,Electronics,313.3,US,2025-03-01
4763,148,2025-06-23,Sports,196.25,US,2025-06-01
4764,242,2025-09-02,Furniture,399.18,US,2025-09-01
4765,342,2025-04-13,Groceries,60.48,CA,2025-04-01
4766,174,2025-06-02,Beauty,91.16,UK,2025-06-01
4767,462,2025-11-23,Garden,131.08,AU,2025-11-01
4768,352,2025-07-22,Furniture,218.78,UK,2025-07-01
4769,390,2025-09-11,Books,86.28,IN,2025-09-01
4770,195,2025-06-22,Toys,133.53,US,2025-06-01
4771,2,2025-12-29,Home & Kitchen,260.57,AU,2025-12-01
4772,392,2025-03-05,Clothing,52.56,CA,2025-03-01
4773,159,2025-07-21,Electronics,607.06,UK,2025-07-01
4774,364,2025-06-23,Electronics,200.45,AU,2025-06-01
4775,308,2025-03-06,Books,92.73,UK,2025-03-01
4776,25,2025-03-27,Furniture,665.52,UK,2025-03-01
4777,374,2025-08-01,Electronics,118.37,CA,2025-08-01
4778,349,2025-12-27,Clothing,107.2,US,2025-12-01
4779,284,2025-03-20,Garden,197.33,US,2025-03-01
4780,251,2025-10-05,Clothing,166.21,US,2025-10-01
4781,434,2025-05-15,Beauty,31.78,US,2025-05-01
4782,93,2025-06-01,Groceries,15.59,DE,2025-06-01
4783,129,2025-10-05,Clothing,145.24,IN,2025-10-01
4784,287,2025-06-10,Home & Kitchen,295.77,CA,2025-06-01
4785,89,2025-12-27,Electronics,247.21,AU,2025-12-01
4786,104,2025-09-05,Books,26.96,UK,2025-09-01
4787,62,2025-02-14,Clothing,116.65,IN,2025-02-01
4788,6,2025-02-13,Sports,140.15,AU,2025-02-01
4789,255,2025-04-22,Garden,177.86,US,2025-04-01
4790,56,2025-05-16,Beauty,149.88,US,2025-05-01
4791,20,2025-03-01,Home & Kitchen,278.49,US,2025-03-01
4792,348,2025-02-12,Furniture,590.32,AU,2025-02-01
4793,50,2025-11-08,Garden,21.72,IN,2025-11-01
4794,202,2025-08-14,Garden,290.42,AU,2025-08-01
4795,437,2025-01-25,Home & Kitchen,273.61,IN,2025-01-01
4796,5,2025-11-04,Groceries,54.92,UK,2025-11-01
4797,77,2025-12-12,Garden,296.81,DE,2025-12-01
4798,265,2025-01-27,Home & Kitchen,63.44,CA,2025-01-01
4799,174,2025-09-07,Home & Kitchen,106.9,UK,2025-09-01
4800,93,2025-11-24,Groceries,30.04,DE,2025-11-01
4801,224,2025-04-05,Home & Kitchen,228.66,US,2025-04-01
4802,366,2025-05-08,Furniture,136.25,UK,2025-05-01
4803,247,2025-02-24,Books,29.41,US,2025-02-01
4804,482,2025-05-04,Garden,142.44,DE,2025-05-01
4805,76,2025-01-26,Furniture,373.4,AU,2025-01-01
4806,124,2025-07-04,Furniture,846.4,UK,2025-07-01
4807,443,2025-02-13,Clothing,153.92,AU,2025-02-01
4808,94,2025-06-18,Clothing,52.68,AU,2025-06-01
4809,330,2025-05-04,Groceries,58.46,US,2025-05-01
4810,105,2025-07-25,Sports,86.91,AU,2025-07-01
4811,10,2025-03-24,Beauty,58.49,AU,2025-03-01
4812,330,2025-10-07,Sports,216.58,US,2025-10-01
4813,318,2025-07-09,Garden,218.79,CA,2025-07-01
4814,217,2025-07-08,Books,68.27,AU,2025-07-01
4815,254,2025-09-07,Sports,162.22,US,2025-09-01
4816,202,2025-03-23,Garden,130.45,AU,2025-03-01
4817,346,2025-02-24,Books,58.76,CA,2025-02-01
4818,455,2025-07-05,Garden,213.08,AU,2025-07-01
4819,401,2025-07-30,Toys,120.78,CA,2025-07-01
4820,351,2025-03-28,Beauty,34.96,US,2025-03-01
4821,317,2025-05-30,Furniture,397.74,CA,2025-05-01
4822,49,2025-09-02,Groceries,127.78,CA,2025-09-01
4823,361,2025-12-06,Home & Kitchen,111.08,CA,2025-12-01
4824,383,2025-09-28,Garden,42.52,DE,2025-09-01
4825,32,2025-10-24,Furniture,474.66,DE,2025-10-01
4826,125,2025-10-13,Electronics,284.6,CA,2025-10-01
4827,471,2025-01-14,Beauty,121.5,US,2025-01-01
4828,38,2025-07-23,Books,17.03,US,2025-07-01
4829,163,2025-01-21,Home & Kitchen,156.4,US,2025-01-01
4830,256,2025-08-22,Sports,129.99,CA,2025-08-01
4831,388,2025-06-17,Beauty,84.66,US,2025-06-01
4832,167,2025-04-14,Clothing,136.88,UK,2025-04-01
4833,132,2025-09-29,Home & Kitchen,211.52,IN,2025-09-01
4834,228,2025-12-21,Clothing,122.93,UK,2025-12-01
4835,407,2025-11-17,Sports,109.53,UK,2025-11-01
4836,173,2025-09-10,Sports,243.68,IN,2025-09-01
4837,127,2025-02-19,Electronics,347.98,CA,2025-02-01
4838,225,2025-05-01,Toys,67.06,UK,2025-05-01
4839,455,2025-04-15,Home & Kitchen,32.17,AU,2025-04-01
4840,466,2025-12-21,Beauty,95.37,AU,2025-12-01
4841,168,2025-08-17,Beauty,64.45,DE,2025-08-01
4842,59,2025-04-07,Books,31.66,US,2025-04-01
4843,174,2025-06-19,Books,91.49,UK,2025-06-01
4844,37,2025-05-14,Home & Kitchen,329.5,US,2025-05-01
4845,385,2025-09-16,Beauty,79.88,DE,2025-09-01
4846,227,2025-12-07,Electronics,617.97,CA,2025-12-01
4847,327,2025-11-01,Home & Kitchen,202.23,AU,2025-11-01
4848,385,2025-01-13,Home & Kitchen,270.63,DE,2025-01-01
4849,221,2025-06-25,Books,70.55,US,2025-06-01
4850,222,2025-08-09,Electronics,420.54,UK,2025-08-01
4851,455,2025-08-05,Garden,96.06,AU,2025-08-01
4852,104,2025-09-11,Sports,47.58,UK,2025-09-01
4853,432,2025-03-16,Groceries,85.88,DE,2025-03-01
4854,333,2025-06-27,Books,48.72,DE,2025-06-01
4855,386,2025-11-08,Clothing,33.79,AU,2025-11-01
4856,342,2025-01-13,Furniture,717.57,CA,2025-01-01
4857,77,2025-12-22,Toys,133.06,DE,2025-12-01
4858,58,2025-03-29,Toys,90.32,CA,2025-03-01
4859,249,2025-05-26,Groceries,88.52,IN,2025-05-01
4860,208,2025-07-10,Clothing,133.87,UK,2025-07-01
4861,109,2025-05-06,Sports,244.47,US,2025-05-01
4862,39,2025-09-14,Garden,207.64,UK,2025-09-01
4863,93,2025-12-23,Toys,32.95,DE,2025-12-01
4864,321,2025-12-02,Clothing,146.81,DE,2025-12-01
4865,359,2025-04-12,Electronics,776.21,DE,2025-04-01
4866,270,2025-10-29,Sports,221.53,UK,2025-10-01
4867,183,2025-07-17,Beauty,56.66,US,2025-07-01
4868,316,2025-10-20,Books,71.91,DE,2025-10-01
4869,225,2025-01-03,Beauty,91.77,UK,2025-01-01
4870,226,2025-04-04,Beauty,21.77,US,2025-04-01
4871,333,2025-12-31,Garden,92.03,DE,2025-12-01
4872,112,2025-03-11,Home & Kitchen,73.87,AU,2025-03-01
4873,45,2025-03-02,Toys,53.15,AU,2025-03-01
4874,451,2025-11-11,Home & Kitchen,156.55,US,2025-11-01
4875,411,2025-07-28,Garden,25.62,US,2025-07-01
4876,152,2025-12-15,Furniture,272.39,DE,2025-12-01
4877,17,2025-10-16,Toys,117.81,DE,2025-10-01
4878,403,2025-02-23,Garden,137.14,IN,2025-02-01
4879,153,2025-07-10,Electronics,134.55,CA,2025-07-01
4880,276,2025-10-16,Sports,139,UK,2025-10-01
4881,52,2025-08-29,Furniture,652.26,UK,2025-08-01
4882,120,2025-10-14,Sports,54.92,UK,2025-10-01
4883,291,2025-03-15,Home & Kitchen,187.27,AU,2025-03-01
4884,334,2025-07-19,Sports,200.9,DE,2025-07-01
4885,139,2025-04-01,Beauty,67.24,UK,2025-04-01
4886,132,2025-06-14,Sports,82.28,IN,2025-06-01
4887,444,2025-05-02,Toys,57.42,AU,2025-05-01
4888,469,2025-05-03,Furniture,169.52,DE,2025-05-01
4889,338,2025-02-26,Furniture,634.21,AU,2025-02-01
4890,442,2025-06-30,Beauty,19.44,CA,2025-06-01
4891,244,2025-09-12,Books,50.16,DE,2025-09-01
4892,375,2025-04-11,Books,95.92,IN,2025-04-01
4893,46,2025-06-02,Electronics,256.58,US,2025-06-01
4894,109,2025-02-21,Beauty,95.88,US,2025-02-01
4895,406,2025-09-18,Furniture,540.31,CA,2025-09-01
4896,36,2025-05-12,Books,90.89,CA,2025-05-01
4897,377,2025-06-11,Clothing,155.27,UK,2025-06-01
4898,231,2025-11-06,Groceries,134.65,IN,2025-11-01
4899,67,2025-11-25,Beauty,114.73,AU,2025-11-01
4900,478,2025-01-28,Beauty,66.87,IN,2025-01-01
4901,360,2025-11-25,Toys,69.9,CA,2025-11-01
4902,384,2025-03-28,Toys,75.21,DE,2025-03-01
4903,119,2025-01-02,Beauty,111.77,CA,2025-01-01
4904,87,2025-08-15,Groceries,54.58,US,2025-08-01
4905,354,2025-02-06,Garden,94.36,UK,2025-02-01
4906,448,2025-08-22,Furniture,560.93,IN,2025-08-01
4907,465,2025-09-09,Electronics,163.28,AU,2025-09-01
4908,395,2025-04-11,Beauty,28.83,IN,2025-04-01
4909,71,2025-11-06,Groceries,97.78,US,2025-11-01
4910,28,2025-10-29,Home & Kitchen,115,DE,2025-10-01
4911,181,2025-07-07,Sports,26.75,US,2025-07-01
4912,369,2025-05-11,Garden,68.18,UK,2025-05-01
4913,384,2025-07-22,Garden,78.63,DE,2025-07-01
4914,162,2025-10-12,Toys,19.25,DE,2025-10-01
4915,181,2025-08-21,Toys,73.92,US,2025-08-01
4916,454,2025-05-01,Books,83.93,DE,2025-05-01
4917,310,2025-10-14,Beauty,117.7,UK,2025-10-01
4918,76,2025-06-06,Groceries,15.24,AU,2025-06-01
4919,269,2025-01-16,Sports,82.71,IN,2025-01-01
4920,140,2025-12-01,Garden,255.73,CA,2025-12-01
4921,269,2025-10-16,Books,83.09,IN,2025-10-01
4922,321,2025-12-14,Home & Kitchen,226.36,DE,2025-12-01
4923,124,2025-02-02,Home & Kitchen,134.87,UK,2025-02-01
4924,40,2025-02-14,Home & Kitchen,83.21,DE,2025-02-01
4925,424,2025-03-08,Home & Kitchen,213.86,IN,2025-03-01
4926,100,2025-06-02,Electronics,611.5,UK,2025-06-01
4927,345,2025-06-11,Home & Kitchen,89.76,IN,2025-06-01
4928,480,2025-01-08,Sports,41.21,IN,2025-01-01
4929,457,2025-08-27,Electronics,637.37,UK,2025-08-01
4930,68,2025-08-10,Books,66.05,US,2025-08-01
4931,481,2025-07-21,Furniture,788.39,US,2025-07-01
4932,175,2025-08-05,Clothing,58.74,IN,2025-08-01
4933,176,2025-03-30,Toys,109.86,CA,2025-03-01
4934,307,2025-03-09,Home & Kitchen,79.05,IN,2025-03-01
4935,368,2025-04-07,Electronics,95.75,IN,2025-04-01
4936,371,2025-08-26,Electronics,646.6,IN,2025-08-01
4937,301,2025-07-25,Clothing,58.71,DE,2025-07-01
4938,150,2025-12-18,Furniture,166.02,DE,2025-12-01
4939,453,2025-12-01,Sports,169.32,DE,2025-12-01
4940,63,2025-02-20,Sports,190.89,AU,2025-02-01
4941,318,2025-07-13,Furniture,441.59,CA,2025-07-01
4942,11,2025-09-23,Garden,20.9,AU,2025-09-01
4943,234,2025-05-27,Toys,14.63,US,2025-05-01
4944,89,2025-05-04,Clothing,50.39,AU,2025-05-01
4945,283,2025-08-02,Furniture,924.83,IN,2025-08-01
4946,208,2025-10-05,Toys,90.36,UK,2025-10-01
4947,374,2025-10-31,Furniture,159.89,CA,2025-10-01
4948,362,2025-09-09,Home & Kitchen,272.24,AU,2025-09-01
4949,428,2025-10-15,Toys,16.46,IN,2025-10-01
4950,493,2025-04-18,Garden,299.63,UK,2025-04-01
4951,90,2025-10-23,Sports,44.84,DE,2025-10-01
4952,47,2025-02-11,Sports,79.41,UK,2025-02-01
4953,122,2025-03-22,Home & Kitchen,269.07,AU,2025-03-01
4954,460,2025-09-18,Home & Kitchen,97.75,US,2025-09-01
4955,253,2025-12-28,Groceries,56.94,CA,2025-12-01
4956,307,2025-10-27,Books,76.15,IN,2025-10-01
4957,35,2025-09-07,Toys,99.46,UK,2025-09-01
4958,215,2025-11-06,Garden,28.09,US,2025-11-01
4959,56,2025-01-09,Clothing,40.12,US,2025-01-01
4960,100,2025-03-25,Sports,221.64,UK,2025-03-01
4961,61,2025-02-21,Sports,38.37,IN,2025-02-01
4962,295,2025-02-25,Groceries,134.46,DE,2025-02-01
4963,447,2025-01-18,Beauty,74.94,CA,2025-01-01
4964,453,2025-09-18,Toys,67.79,DE,2025-09-01
4965,273,2025-07-28,Groceries,145.6,US,2025-07-01
4966,481,2025-02-24,Electronics,595.33,US,2025-02-01
4967,420,2025-09-18,Garden,36.03,IN,2025-09-01
4968,465,2025-05-15,Garden,226.37,AU,2025-05-01
4969,146,2025-08-18,Garden,200.51,AU,2025-08-01
4970,492,2025-09-25,Home & Kitchen,260.13,DE,2025-09-01
4971,381,2025-11-09,Furniture,230.75,AU,2025-11-01
4972,276,2025-09-27,Clothing,188.32,UK,2025-09-01
4973,201,2025-03-08,Sports,139.4,CA,2025-03-01
4974,319,2025-10-08,Books,92.86,DE,2025-10-01
4975,2,2025-03-18,Sports,150.98,AU,2025-03-01
4976,364,2025-04-20,Home & Kitchen,189.23,AU,2025-04-01
4977,90,2025-01-23,Furniture,131.5,DE,2025-01-01
4978,3,2025-02-19,Toys,82.18,DE,2025-02-01
4979,69,2025-11-06,Beauty,42.58,AU,2025-11-01
4980,150,2025-08-21,Toys,68.53,DE,2025-08-01
4981,188,2025-03-18,Books,43.96,UK,2025-03-01
4982,443,2025-08-21,Sports,114.22,AU,2025-08-01
4983,416,2025-01-24,Garden,205.99,DE,2025-01-01
4984,346,2025-10-07,Beauty,87.65,CA,2025-10-01
4985,129,2025-06-16,Clothing,141.8,IN,2025-06-01
4986,454,2025-04-11,Toys,95.93,DE,2025-04-01
4987,393,2025-01-24,Beauty,61.04,UK,2025-01-01
4988,110,2025-03-22,Clothing,94.27,AU,2025-03-01
4989,149,2025-12-09,Sports,240.91,AU,2025-12-01
4990,110,2025-12-07,Home & Kitchen,247.94,AU,2025-12-01
4991,369,2025-09-20,Garden,249.87,UK,2025-09-01
4992,86,2025-12-05,Books,22.29,IN,2025-12-01
4993,488,2025-08-05,Clothing,139.24,IN,2025-08-01
4994,338,2025-02-12,Home & Kitchen,331.84,AU,2025-02-01
4995,25,2025-12-18,Beauty,131.35,UK,2025-12-01
4996,11,2025-10-26,Beauty,85,AU,2025-10-01
4997,468,2025-04-12,Toys,123.81,UK,2025-04-01
4998,116,2025-05-05,Beauty,79.01,AU,2025-05-01
4999,316,2025-05-09,Home & Kitchen,142.84,DE,2025-05-01
5000,219,2025-03-16,Groceries,27.04,AU,2025-03-01
